season,team,matches,wins,points,nrr,position,nrr_rank,longest_winning_streak,longest_winless_streak,unique_match_winners,unique_match_winners_rank,is_top_4,is_top_2,is_champion
2011,Chennai Super Kings,1,1,2,0.1,5,5,1,0,1,1,1,1,1
2011,Chennai Super Kings,2,1,2,-0.258,6,6,1,1,1,4,1,1,1
2011,Chennai Super Kings,3,2,4,0.181,5,6,1,1,2,1,1,1,1
2011,Chennai Super Kings,4,2,4,-0.097,6,6,1,1,2,3,1,1,1
2011,Chennai Super Kings,5,2,4,-0.157,8,7,1,2,2,3,1,1,1
2011,Chennai Super Kings,6,3,6,0.095,3,4,1,2,2,3,1,1,1
2011,Chennai Super Kings,7,4,8,0.143,3,4,2,2,3,3,1,1,1
2011,Chennai Super Kings,8,5,10,0.247,3,3,3,2,4,3,1,1,1
2011,Chennai Super Kings,9,6,12,0.292,3,4,4,2,4,3,1,1,1
2011,Chennai Super Kings,10,6,12,0.223,4,4,4,2,4,3,1,1,1
2011,Chennai Super Kings,11,7,14,0.509,3,2,4,2,5,3,1,1,1
2011,Chennai Super Kings,12,8,16,0.544,2,2,4,2,6,1,1,1,1
2011,Chennai Super Kings,13,9,18,0.544,1,1,4,2,7,1,1,1,1
2011,Chennai Super Kings,14,9,18,0.443,2,1,4,2,7,1,1,1,1
2011,Deccan Chargers,1,0,0,-0.637,8,8,0,1,0,6,0,0,0
2011,Deccan Chargers,2,0,0,-0.553,8,7,0,2,0,8,0,0,0
2011,Deccan Chargers,3,1,2,0.186,7,5,1,2,1,6,0,0,0
2011,Deccan Chargers,4,1,2,-0.112,8,7,1,2,1,7,0,0,0
2011,Deccan Chargers,5,2,4,0.073,7,5,1,2,2,3,0,0,0
2011,Deccan Chargers,6,2,4,-0.251,10,6,1,2,2,3,0,0,0
2011,Deccan Chargers,7,3,6,0.194,6,3,1,2,3,3,0,0,0
2011,Deccan Chargers,8,3,6,0.048,6,4,1,2,3,4,0,0,0
2011,Deccan Chargers,9,3,6,-0.07,7,5,1,2,3,5,0,0,0
2011,Deccan Chargers,10,3,6,-0.125,10,6,1,3,3,6,0,0,0
2011,Deccan Chargers,11,3,6,-0.177,10,6,1,4,3,9,0,0,0
2011,Deccan Chargers,12,4,8,-0.117,9,6,1,4,4,5,0,0,0
2011,Deccan Chargers,13,5,10,-0.08,8,7,2,4,4,5,0,0,0
2011,Deccan Chargers,14,6,12,0.222,7,4,3,4,5,5,0,0,0
2011,Delhi Capitals,1,0,0,-1.131,9,9,0,1,0,6,0,0,0
2011,Delhi Capitals,2,0,0,-0.954,10,9,0,2,0,8,0,0,0
2011,Delhi Capitals,3,1,2,-0.567,9,9,1,2,0,10,0,0,0
2011,Delhi Capitals,4,1,2,-0.632,9,9,1,2,0,10,0,0,0
2011,Delhi Capitals,5,2,4,-0.231,9,8,1,2,1,9,0,0,0
2011,Delhi Capitals,6,2,4,-0.234,9,5,1,2,1,10,0,0,0
2011,Delhi Capitals,7,2,4,-0.318,10,7,1,2,1,10,0,0,0
2011,Delhi Capitals,8,3,6,-0.031,7,5,1,2,2,7,0,0,0
2011,Delhi Capitals,9,3,6,-0.262,8,8,1,2,2,8,0,0,0
2011,Delhi Capitals,10,4,8,-0.179,7,7,1,2,2,10,0,0,0
2011,Delhi Capitals,11,4,8,-0.312,9,7,1,2,2,10,0,0,0
2011,Delhi Capitals,12,4,8,-0.363,10,8,1,2,2,10,0,0,0
2011,Delhi Capitals,13,4,8,-0.448,10,9,1,3,2,10,0,0,0
2011,Delhi Capitals,14,4,9,-0.448,10,9,1,4,2,10,0,0,0
2011,Kochi Tuskers Kerala,1,0,0,-0.629,7,7,0,1,0,6,0,0,0
2011,Kochi Tuskers Kerala,2,0,0,-0.622,9,8,0,2,0,8,0,0,0
2011,Kochi Tuskers Kerala,3,1,2,-0.253,8,7,1,2,1,6,0,0,0
2011,Kochi Tuskers Kerala,4,2,4,0.044,5,5,2,2,1,7,0,0,0
2011,Kochi Tuskers Kerala,5,3,6,0.096,3,4,3,2,2,3,0,0,0
2011,Kochi Tuskers Kerala,6,3,6,-0.347,5,8,3,2,2,3,0,0,0
2011,Kochi Tuskers Kerala,7,3,6,-0.696,8,10,3,2,2,6,0,0,0
2011,Kochi Tuskers Kerala,8,3,6,-0.853,8,9,3,3,2,7,0,0,0
2011,Kochi Tuskers Kerala,9,4,8,-0.542,6,9,3,3,3,5,0,0,0
2011,Kochi Tuskers Kerala,10,5,10,-0.394,6,9,3,3,4,3,0,0,0
2011,Kochi Tuskers Kerala,11,5,10,-0.624,7,10,3,3,4,4,0,0,0
2011,Kochi Tuskers Kerala,12,5,10,-0.628,7,10,3,3,4,5,0,0,0
2011,Kochi Tuskers Kerala,13,6,12,-0.186,6,8,3,3,4,5,0,0,0
2011,Kochi Tuskers Kerala,14,6,12,-0.214,8,8,3,3,4,7,0,0,0
2011,Kolkata Knight Riders,1,0,0,-0.1,6,6,0,1,0,6,1,0,0
2011,Kolkata Knight Riders,2,1,2,0.175,4,4,1,1,1,4,1,0,0
2011,Kolkata Knight Riders,3,2,4,0.336,3,3,2,1,2,1,1,0,0
2011,Kolkata Knight Riders,4,3,6,0.891,1,1,3,1,3,1,1,0,0
2011,Kolkata Knight Riders,5,3,6,0.629,2,1,3,1,3,2,1,0,0
2011,Kolkata Knight Riders,6,3,6,0.393,2,2,3,2,3,2,1,0,0
2011,Kolkata Knight Riders,7,4,8,0.458,2,2,3,2,4,1,1,0,0
2011,Kolkata Knight Riders,8,5,10,0.53,2,2,3,2,5,1,1,0,0
2011,Kolkata Knight Riders,9,6,12,0.588,2,2,3,2,6,1,1,0,0
2011,Kolkata Knight Riders,10,6,12,0.44,3,3,3,2,6,1,1,0,0
2011,Kolkata Knight Riders,11,7,14,0.464,4,3,3,2,6,1,1,0,0
2011,Kolkata Knight Riders,12,7,14,0.403,4,3,3,2,6,1,1,0,0
2011,Kolkata Knight Riders,13,8,16,0.476,3,2,3,2,6,2,1,0,0
2011,Kolkata Knight Riders,14,8,16,0.433,4,2,3,2,6,3,1,0,0
2011,Mumbai Indians,1,1,2,1.131,2,2,1,0,1,1,1,0,0
2011,Mumbai Indians,2,2,4,0.974,2,2,2,0,2,1,1,0,0
2011,Mumbai Indians,3,2,4,0.561,2,2,2,1,2,1,1,0,0
2011,Mumbai Indians,4,3,6,0.477,2,3,2,1,3,1,1,0,0
2011,Mumbai Indians,5,4,8,0.469,1,2,2,1,4,1,1,0,0
2011,Mumbai Indians,6,5,10,0.707,1,1,3,1,4,1,1,0,0
2011,Mumbai Indians,7,5,10,0.498,1,1,3,1,4,1,1,0,0
2011,Mumbai Indians,8,6,12,0.582,1,1,3,1,5,1,1,0,0
2011,Mumbai Indians,9,7,14,0.635,1,1,3,1,5,2,1,0,0
2011,Mumbai Indians,10,8,16,0.735,1,2,3,1,6,1,1,0,0
2011,Mumbai Indians,11,8,16,0.314,1,4,3,1,6,1,1,0,0
2011,Mumbai Indians,12,8,16,0.245,3,4,3,2,6,1,1,0,0
2011,Mumbai Indians,13,8,16,0.033,4,5,3,3,6,2,1,0,0
2011,Mumbai Indians,14,9,18,0.04,3,5,3,3,7,1,1,0,0
2011,Pune Warriors India,1,1,2,2.982,1,1,1,0,1,1,0,0,0
2011,Pune Warriors India,2,2,4,1.75,1,1,2,0,2,1,0,0,0
2011,Pune Warriors India,3,2,4,1.089,1,1,2,1,2,1,0,0,0
2011,Pune Warriors India,4,2,4,0.667,4,2,2,2,2,3,0,0,0
2011,Pune Warriors India,5,2,4,0.248,6,3,2,3,2,3,0,0,0
2011,Pune Warriors India,6,2,4,0.138,8,3,2,4,2,3,0,0,0
2011,Pune Warriors India,7,2,4,-0.066,9,5,2,5,2,6,0,0,0
2011,Pune Warriors India,8,2,4,-0.089,10,7,2,6,2,7,0,0,0
2011,Pune Warriors India,9,2,4,-0.199,10,7,2,7,2,8,0,0,0
2011,Pune Warriors India,10,3,6,-0.07,9,5,2,7,3,6,0,0,0
2011,Pune Warriors India,11,4,8,-0.003,8,5,2,7,4,4,0,0,0
2011,Pune Warriors India,12,4,8,-0.033,8,5,2,7,4,5,0,0,0
2011,Pune Warriors India,13,4,8,-0.134,9,6,2,7,4,5,0,0,0
2011,Pune Warriors India,14,4,9,-0.134,9,7,2,7,4,7,0,0,0
2011,Punjab Kings,1,0,0,-2.982,10,10,0,1,0,6,0,0,0
2011,Punjab Kings,2,1,2,-1.288,7,10,1,1,1,4,0,0,0
2011,Punjab Kings,3,2,4,-0.478,6,8,2,1,1,6,0,0,0
2011,Punjab Kings,4,3,6,0.29,3,4,3,1,2,3,0,0,0
2011,Punjab Kings,5,3,6,-0.095,4,6,3,1,2,3,0,0,0
2011,Punjab Kings,6,3,6,-0.276,4,7,3,2,2,3,0,0,0
2011,Punjab Kings,7,3,6,-0.398,7,9,3,3,2,6,0,0,0
2011,Punjab Kings,8,3,6,-0.898,9,10,3,4,2,7,0,0,0
2011,Punjab Kings,9,3,6,-0.934,9,10,3,5,2,8,0,0,0
2011,Punjab Kings,10,4,8,-0.432,8,10,3,5,3,6,0,0,0
2011,Punjab Kings,11,5,10,-0.338,6,8,3,5,4,4,0,0,0
2011,Punjab Kings,12,6,12,-0.183,5,7,3,5,5,4,0,0,0
2011,Punjab Kings,13,7,14,0.271,5,4,4,5,6,2,0,0,0
2011,Punjab Kings,14,7,14,-0.051,5,6,4,5,6,3,0,0,0
2011,Rajasthan Royals,1,1,2,0.637,3,3,1,0,1,1,0,0,0
2011,Rajasthan Royals,2,2,4,0.648,3,3,2,0,2,1,0,0,0
2011,Rajasthan Royals,3,2,4,0.226,4,4,2,1,2,1,0,0,0
2011,Rajasthan Royals,4,2,4,-0.476,7,8,2,2,2,3,0,0,0
2011,Rajasthan Royals,5,2,5,-0.476,5,9,2,3,2,3,0,0,0
2011,Rajasthan Royals,6,2,5,-0.898,7,10,2,4,2,3,0,0,0
2011,Rajasthan Royals,7,3,7,-0.357,5,8,2,4,2,6,0,0,0
2011,Rajasthan Royals,8,4,9,-0.202,5,8,2,4,3,4,0,0,0
2011,Rajasthan Royals,9,5,11,-0.145,5,6,3,4,4,3,0,0,0
2011,Rajasthan Royals,10,5,11,-0.194,5,8,3,4,4,3,0,0,0
2011,Rajasthan Royals,11,5,11,-0.504,5,9,3,4,4,4,0,0,0
2011,Rajasthan Royals,12,5,11,-0.587,6,9,3,4,4,5,0,0,0
2011,Rajasthan Royals,13,5,11,-0.969,7,10,3,4,4,5,0,0,0
2011,Rajasthan Royals,14,6,13,-0.691,6,10,3,4,5,5,0,0,0
2011,Royal Challengers Bangalore,1,1,2,0.629,4,4,1,0,1,1,1,1,0
2011,Royal Challengers Bangalore,2,1,2,-0.086,5,5,1,1,1,4,1,1,0
2011,Royal Challengers Bangalore,3,1,2,-0.62,10,10,1,2,1,6,1,1,0
2011,Royal Challengers Bangalore,4,1,2,-0.73,10,10,1,3,1,7,1,1,0
2011,Royal Challengers Bangalore,5,1,3,-0.73,10,10,1,4,1,9,1,1,0
2011,Royal Challengers Bangalore,6,2,5,-0.391,6,9,1,4,2,3,1,1,0
2011,Royal Challengers Bangalore,7,3,7,-0.282,4,6,2,4,3,3,1,1,0
2011,Royal Challengers Bangalore,8,4,9,-0.052,4,6,3,4,3,4,1,1,0
2011,Royal Challengers Bangalore,9,5,11,0.495,4,3,4,4,3,5,1,1,0
2011,Royal Challengers Bangalore,10,6,13,0.786,2,1,5,4,3,6,1,1,0
2011,Royal Challengers Bangalore,11,7,15,0.863,2,1,6,4,4,4,1,1,0
2011,Royal Challengers Bangalore,12,8,17,0.849,1,1,7,4,4,5,1,1,0
2011,Royal Challengers Bangalore,13,8,17,0.283,2,3,7,4,4,5,1,1,0
2011,Royal Challengers Bangalore,14,9,19,0.326,1,3,7,4,4,7,1,1,0
2014,Chennai Super Kings,1,0,0,-0.688,6,6,0,1,0,5,1,0,0
2014,Chennai Super Kings,2,1,2,2.082,3,1,1,1,1,2,1,0,0
2014,Chennai Super Kings,3,2,4,1.51,2,2,2,1,2,1,1,0,0
2014,Chennai Super Kings,4,3,6,1.251,2,2,3,1,3,1,1,0,0
2014,Chennai Super Kings,5,4,8,1.05,2,2,4,1,4,1,1,0,0
2014,Chennai Super Kings,6,5,10,1.189,1,1,5,1,4,1,1,0,0
2014,Chennai Super Kings,7,6,12,1.057,2,2,6,1,4,1,1,0,0
2014,Chennai Super Kings,8,6,12,0.64,2,2,6,1,4,1,1,0,0
2014,Chennai Super Kings,9,7,14,0.608,2,2,6,1,4,1,1,0,0
2014,Chennai Super Kings,10,8,16,0.565,2,2,6,1,4,1,1,0,0
2014,Chennai Super Kings,11,8,16,0.487,2,2,6,1,4,2,1,0,0
2014,Chennai Super Kings,12,8,16,0.37,2,2,6,2,4,3,1,0,0
2014,Chennai Super Kings,13,8,16,0.315,2,2,6,3,4,4,1,0,0
2014,Chennai Super Kings,14,9,18,0.385,3,3,6,3,5,3,1,0,0
2014,Delhi Capitals,1,0,0,-1.51,7,7,0,1,0,5,0,0,0
2014,Delhi Capitals,2,1,2,-0.61,6,6,1,1,1,2,0,0,0
2014,Delhi Capitals,3,1,2,-1.974,7,8,1,1,1,4,0,0,0
2014,Delhi Capitals,4,1,2,-1.533,7,8,1,2,1,6,0,0,0
2014,Delhi Capitals,5,2,4,-1.116,7,8,1,2,2,3,0,0,0
2014,Delhi Capitals,6,2,4,-1.067,7,8,1,2,2,4,0,0,0
2014,Delhi Capitals,7,2,4,-0.958,8,8,1,2,2,4,0,0,0
2014,Delhi Capitals,8,2,4,-0.933,8,8,1,3,2,6,0,0,0
2014,Delhi Capitals,9,2,4,-0.953,8,8,1,4,2,7,0,0,0
2014,Delhi Capitals,10,2,4,-0.939,8,8,1,5,2,8,0,0,0
2014,Delhi Capitals,11,2,4,-1.156,8,8,1,6,2,8,0,0,0
2014,Delhi Capitals,12,2,4,-1.069,8,8,1,7,2,8,0,0,0
2014,Delhi Capitals,13,2,4,-1.043,8,8,1,8,2,8,0,0,0
2014,Delhi Capitals,14,2,4,-1.182,8,8,1,9,2,8,0,0,0
2014,Kolkata Knight Riders,1,1,2,2.05,1,1,1,0,1,1,1,1,1
2014,Kolkata Knight Riders,2,1,2,0.909,4,3,1,1,1,2,1,1,1
2014,Kolkata Knight Riders,3,2,4,0.639,4,4,1,1,2,1,1,1,1
2014,Kolkata Knight Riders,4,2,4,0.193,4,4,1,1,2,2,1,1,1
2014,Kolkata Knight Riders,5,2,4,0.154,4,4,1,2,2,3,1,1,1
2014,Kolkata Knight Riders,6,2,4,-0.16,5,5,1,3,2,4,1,1,1
2014,Kolkata Knight Riders,7,2,4,-0.21,6,4,1,4,2,4,1,1,1
2014,Kolkata Knight Riders,8,3,6,-0.097,5,4,1,4,3,3,1,1,1
2014,Kolkata Knight Riders,9,4,8,0.007,4,4,2,4,3,3,1,1,1
2014,Kolkata Knight Riders,10,5,10,0.063,4,4,3,4,4,1,1,1,1
2014,Kolkata Knight Riders,11,6,12,0.087,4,4,4,4,5,1,1,1,1
2014,Kolkata Knight Riders,12,7,14,0.155,4,4,5,4,5,1,1,1,1
2014,Kolkata Knight Riders,13,8,16,0.264,3,3,6,4,5,1,1,1,1
2014,Kolkata Knight Riders,14,9,18,0.418,2,2,7,4,6,1,1,1,1
2014,Mumbai Indians,1,0,0,-2.05,8,8,0,1,0,5,1,0,0
2014,Mumbai Indians,2,0,0,-1.515,7,7,0,2,0,7,1,0,0
2014,Mumbai Indians,3,0,0,-1.151,8,6,0,3,0,8,1,0,0
2014,Mumbai Indians,4,0,0,-0.974,8,6,0,4,0,8,1,0,0
2014,Mumbai Indians,5,0,0,-0.942,8,7,0,5,0,8,1,0,0
2014,Mumbai Indians,6,1,2,-0.726,8,7,1,5,1,8,1,0,0
2014,Mumbai Indians,7,2,4,-0.488,7,7,2,5,2,4,1,0,0
2014,Mumbai Indians,8,2,4,-0.471,7,7,2,5,2,6,1,0,0
2014,Mumbai Indians,9,3,6,-0.346,6,6,2,5,3,3,1,0,0
2014,Mumbai Indians,10,3,6,-0.369,7,7,2,5,3,5,1,0,0
2014,Mumbai Indians,11,4,8,-0.22,6,5,2,5,4,2,1,0,0
2014,Mumbai Indians,12,5,10,-0.156,5,5,2,5,5,1,1,0,0
2014,Mumbai Indians,13,6,12,-0.086,5,5,3,5,5,1,1,0,0
2014,Mumbai Indians,14,7,14,0.095,4,4,4,5,5,3,1,0,0
2014,Punjab Kings,1,1,2,0.688,3,3,1,0,1,1,1,1,0
2014,Punjab Kings,2,2,4,0.74,2,4,2,0,1,2,1,1,0
2014,Punjab Kings,3,3,6,1.679,1,1,3,0,1,4,1,1,0
2014,Punjab Kings,4,4,8,1.517,1,1,4,0,2,2,1,1,0
2014,Punjab Kings,5,5,10,1.334,1,1,5,0,2,3,1,1,0
2014,Punjab Kings,6,5,10,1.039,2,2,5,1,2,4,1,1,0
2014,Punjab Kings,7,6,12,1.214,1,1,5,1,2,4,1,1,0
2014,Punjab Kings,8,7,14,1.264,1,1,5,1,2,6,1,1,0
2014,Punjab Kings,9,7,14,1.025,1,1,5,1,2,7,1,1,0
2014,Punjab Kings,10,8,16,1.015,1,1,5,1,3,5,1,1,0
2014,Punjab Kings,11,9,18,0.939,1,1,5,1,4,2,1,1,0
2014,Punjab Kings,12,9,18,0.811,1,1,5,1,4,3,1,1,0
2014,Punjab Kings,13,10,20,0.81,1,1,5,1,5,1,1,1,0
2014,Punjab Kings,14,11,22,0.968,1,1,5,1,6,1,1,1,0
2014,Rajasthan Royals,1,1,2,0.273,4,4,1,0,1,1,0,0,0
2014,Rajasthan Royals,2,1,2,-0.178,5,5,1,1,1,2,0,0,0
2014,Rajasthan Royals,3,1,2,-0.229,5,5,1,2,1,4,0,0,0
2014,Rajasthan Royals,4,2,4,0.497,3,3,1,2,2,2,0,0,0
2014,Rajasthan Royals,5,3,6,0.4,3,3,2,2,3,2,0,0,0
2014,Rajasthan Royals,6,4,8,0.471,3,3,3,2,4,1,0,0,0
2014,Rajasthan Royals,7,5,10,0.483,3,3,4,2,4,1,0,0,0
2014,Rajasthan Royals,8,5,10,0.204,3,3,4,2,4,1,0,0,0
2014,Rajasthan Royals,9,6,12,0.25,3,3,4,2,4,1,0,0,0
2014,Rajasthan Royals,10,6,12,0.206,3,3,4,2,4,1,0,0,0
2014,Rajasthan Royals,11,7,14,0.48,3,3,4,2,4,2,0,0,0
2014,Rajasthan Royals,12,7,14,0.334,3,3,4,2,4,3,0,0,0
2014,Rajasthan Royals,13,7,14,0.247,4,4,4,2,4,4,0,0,0
2014,Rajasthan Royals,14,7,14,0.06,5,5,4,3,4,5,0,0,0
2014,Royal Challengers Bangalore,1,1,2,1.51,2,2,1,0,1,1,0,0,0
2014,Royal Challengers Bangalore,2,2,4,1.168,1,2,2,0,2,1,0,0,0
2014,Royal Challengers Bangalore,3,2,4,0.736,3,3,2,1,2,1,0,0,0
2014,Royal Challengers Bangalore,4,2,4,-0.117,5,5,2,2,2,2,0,0,0
2014,Royal Challengers Bangalore,5,2,4,-0.207,5,5,2,3,2,3,0,0,0
2014,Royal Challengers Bangalore,6,3,6,-0.138,4,4,2,3,3,3,0,0,0
2014,Royal Challengers Bangalore,7,3,6,-0.266,5,6,2,3,3,3,0,0,0
2014,Royal Challengers Bangalore,8,3,6,-0.444,6,6,2,3,3,3,0,0,0
2014,Royal Challengers Bangalore,9,3,6,-0.455,7,7,2,3,3,3,0,0,0
2014,Royal Challengers Bangalore,10,4,8,-0.327,6,6,2,3,4,1,0,0,0
2014,Royal Challengers Bangalore,11,5,10,-0.27,5,6,2,3,4,2,0,0,0
2014,Royal Challengers Bangalore,12,5,10,-0.263,6,6,2,3,4,3,0,0,0
2014,Royal Challengers Bangalore,13,5,10,-0.362,7,7,2,3,4,4,0,0,0
2014,Royal Challengers Bangalore,14,5,10,-0.428,7,7,2,3,4,5,0,0,0
2014,Sunrisers Hyderabad,1,0,0,-0.273,5,5,0,1,0,5,0,0,0
2014,Sunrisers Hyderabad,2,0,0,-1.954,8,8,0,2,0,7,0,0,0
2014,Sunrisers Hyderabad,3,1,2,-1.238,6,7,1,2,1,4,0,0,0
2014,Sunrisers Hyderabad,4,1,2,-0.991,6,7,1,2,1,6,0,0,0
2014,Sunrisers Hyderabad,5,2,4,-0.642,6,6,1,2,2,3,0,0,0
2014,Sunrisers Hyderabad,6,2,4,-0.571,6,6,1,2,2,4,0,0,0
2014,Sunrisers Hyderabad,7,3,6,-0.257,4,5,1,2,2,4,0,0,0
2014,Sunrisers Hyderabad,8,4,8,-0.2,4,5,2,2,3,3,0,0,0
2014,Sunrisers Hyderabad,9,4,8,-0.258,5,5,2,2,3,3,0,0,0
2014,Sunrisers Hyderabad,10,4,8,-0.325,5,5,2,2,3,5,0,0,0
2014,Sunrisers Hyderabad,11,4,8,-0.325,7,7,2,3,3,7,0,0,0
2014,Sunrisers Hyderabad,12,5,10,-0.28,7,7,2,3,4,3,0,0,0
2014,Sunrisers Hyderabad,13,6,12,-0.231,6,6,2,3,4,4,0,0,0
2014,Sunrisers Hyderabad,14,6,12,-0.399,6,6,2,3,4,5,0,0,0
2015,Chennai Super Kings,1,1,2,0.05,4,4,1,0,1,1,1,1,0
2015,Chennai Super Kings,2,2,4,1.15,1,1,2,0,2,1,1,1,0
2015,Chennai Super Kings,3,3,6,1.404,1,1,3,0,2,2,1,1,0
2015,Chennai Super Kings,4,3,6,0.846,2,1,3,1,2,3,1,1,0
2015,Chennai Super Kings,5,4,8,0.948,2,1,3,1,3,2,1,1,0
2015,Chennai Super Kings,6,5,10,1.609,1,1,3,1,3,2,1,1,0
2015,Chennai Super Kings,7,6,12,1.386,1,1,3,1,4,1,1,1,0
2015,Chennai Super Kings,8,6,12,1.177,1,1,3,1,4,1,1,1,0
2015,Chennai Super Kings,9,6,12,0.921,1,1,3,2,4,1,1,1,0
2015,Chennai Super Kings,10,7,14,0.948,1,2,3,2,4,1,1,1,0
2015,Chennai Super Kings,11,7,14,0.833,1,2,3,2,4,3,1,1,0
2015,Chennai Super Kings,12,8,16,0.813,1,2,3,2,5,1,1,1,0
2015,Chennai Super Kings,13,8,16,0.646,1,2,3,2,5,2,1,1,0
2015,Chennai Super Kings,14,9,18,0.709,1,2,3,2,6,1,1,1,0
2015,Delhi Capitals,1,0,0,-0.05,5,5,0,1,0,5,0,0,0
2015,Delhi Capitals,2,0,0,-0.075,7,4,0,2,0,7,0,0,0
2015,Delhi Capitals,3,1,2,0.04,4,4,1,2,1,4,0,0,0
2015,Delhi Capitals,4,2,4,0.08,4,4,2,2,2,3,0,0,0
2015,Delhi Capitals,5,2,4,-0.098,5,5,2,2,2,4,0,0,0
2015,Delhi Capitals,6,3,6,0.229,5,5,2,2,3,2,0,0,0
2015,Delhi Capitals,7,3,6,-0.395,6,6,2,2,3,3,0,0,0
2015,Delhi Capitals,8,4,8,-0.011,6,6,2,2,4,1,0,0,0
2015,Delhi Capitals,9,4,8,-0.096,5,5,2,2,4,1,0,0,0
2015,Delhi Capitals,10,4,8,-0.111,7,6,2,2,4,1,0,0,0
2015,Delhi Capitals,11,4,8,-0.163,7,7,2,3,4,3,0,0,0
2015,Delhi Capitals,12,4,8,-0.174,7,6,2,4,4,4,0,0,0
2015,Delhi Capitals,13,5,10,-0.049,7,6,2,4,5,2,0,0,0
2015,Delhi Capitals,14,5,11,-0.049,7,6,2,4,5,4,0,0,0
2015,Kolkata Knight Riders,1,1,2,0.789,2,2,1,0,1,1,0,0,0
2015,Kolkata Knight Riders,2,1,2,0.116,3,3,1,1,1,3,0,0,0
2015,Kolkata Knight Riders,3,2,4,0.474,3,3,1,1,2,2,0,0,0
2015,Kolkata Knight Riders,4,3,6,0.563,3,2,2,1,3,2,0,0,0
2015,Kolkata Knight Riders,5,3,6,0.31,3,3,2,1,3,2,0,0,0
2015,Kolkata Knight Riders,6,3,7,0.31,3,4,2,2,3,2,0,0,0
2015,Kolkata Knight Riders,7,3,7,0.22,4,3,2,3,3,3,0,0,0
2015,Kolkata Knight Riders,8,4,9,0.229,4,3,2,3,3,5,0,0,0
2015,Kolkata Knight Riders,9,4,9,0.171,4,3,2,3,3,6,0,0,0
2015,Kolkata Knight Riders,10,5,11,0.367,4,3,2,3,3,6,0,0,0
2015,Kolkata Knight Riders,11,6,13,0.398,4,3,2,3,4,3,0,0,0
2015,Kolkata Knight Riders,12,7,15,0.372,2,3,3,3,4,4,0,0,0
2015,Kolkata Knight Riders,13,7,15,0.315,3,3,3,3,4,5,0,0,0
2015,Kolkata Knight Riders,14,7,15,0.253,5,3,3,3,4,6,0,0,0
2015,Mumbai Indians,1,0,0,-0.789,6,6,0,1,0,5,1,1,1
2015,Mumbai Indians,2,0,0,-0.838,8,8,0,2,0,7,1,1,1
2015,Mumbai Indians,3,0,0,-0.695,8,8,0,3,0,8,1,1,1
2015,Mumbai Indians,4,0,0,-1.005,8,8,0,4,0,8,1,1,1
2015,Mumbai Indians,5,1,2,-0.626,8,8,1,4,1,7,1,1,1
2015,Mumbai Indians,6,1,2,-0.83,8,7,1,4,1,7,1,1,1
2015,Mumbai Indians,7,2,4,-0.553,7,7,1,4,2,6,1,1,1
2015,Mumbai Indians,8,3,6,-0.433,7,7,2,4,3,5,1,1,1
2015,Mumbai Indians,9,4,8,-0.252,7,7,3,4,4,1,1,1,1
2015,Mumbai Indians,10,5,10,-0.196,6,7,4,4,4,1,1,1,1
2015,Mumbai Indians,11,6,12,-0.146,6,6,5,4,5,1,1,1,1
2015,Mumbai Indians,12,6,12,-0.302,6,7,5,4,5,1,1,1,1
2015,Mumbai Indians,13,7,14,-0.259,5,7,5,4,5,2,1,1,1
2015,Mumbai Indians,14,8,16,-0.043,2,5,5,4,6,1,1,1,1
2015,Punjab Kings,1,0,0,-1.3,7,7,0,1,0,5,0,0,0
2015,Punjab Kings,2,1,2,-0.2,4,5,1,1,1,3,0,0,0
2015,Punjab Kings,3,1,2,-0.223,5,5,1,1,1,4,0,0,0
2015,Punjab Kings,4,1,2,-0.444,6,6,1,2,1,5,0,0,0
2015,Punjab Kings,5,2,4,-0.361,7,7,1,2,2,4,0,0,0
2015,Punjab Kings,6,2,4,-1.112,7,8,1,2,2,6,0,0,0
2015,Punjab Kings,7,2,4,-1.093,8,8,1,2,2,6,0,0,0
2015,Punjab Kings,8,2,4,-1.294,8,8,1,3,2,7,0,0,0
2015,Punjab Kings,9,2,4,-1.278,8,8,1,4,2,7,0,0,0
2015,Punjab Kings,10,2,4,-1.852,8,8,1,5,2,8,0,0,0
2015,Punjab Kings,11,2,4,-1.696,8,8,1,6,2,8,0,0,0
2015,Punjab Kings,12,2,4,-1.577,8,8,1,7,2,8,0,0,0
2015,Punjab Kings,13,3,6,-1.425,8,8,1,7,3,8,0,0,0
2015,Punjab Kings,14,3,6,-1.436,8,8,1,7,3,8,0,0,0
2015,Rajasthan Royals,1,1,2,1.3,1,1,1,0,1,1,1,0,0
2015,Rajasthan Royals,2,2,4,0.7,2,2,2,0,2,1,1,0,0
2015,Rajasthan Royals,3,3,6,0.604,2,2,3,0,3,1,1,0,0
2015,Rajasthan Royals,4,4,8,0.497,1,3,4,0,4,1,1,0,0
2015,Rajasthan Royals,5,5,10,0.545,1,2,5,0,4,1,1,0,0
2015,Rajasthan Royals,6,5,10,0.459,2,3,5,1,4,1,1,0,0
2015,Rajasthan Royals,7,5,10,0.14,2,4,5,2,4,1,1,0,0
2015,Rajasthan Royals,8,5,11,0.14,2,4,5,3,4,1,1,0,0
2015,Rajasthan Royals,9,5,12,0.14,2,4,5,4,4,1,1,0,0
2015,Rajasthan Royals,10,5,12,0.07,2,4,5,5,4,1,1,0,0
2015,Rajasthan Royals,11,6,14,0.141,2,4,5,5,4,3,1,0,0
2015,Rajasthan Royals,12,6,14,0.09,4,4,5,5,4,4,1,0,0
2015,Rajasthan Royals,13,6,14,0.027,6,4,5,5,4,5,1,0,0
2015,Rajasthan Royals,14,7,16,0.062,4,4,5,5,5,4,1,0,0
2015,Royal Challengers Bangalore,1,1,2,0.571,3,3,1,0,1,1,1,0,0
2015,Royal Challengers Bangalore,2,1,2,-0.502,6,7,1,1,1,3,1,0,0
2015,Royal Challengers Bangalore,3,1,2,-0.648,7,7,1,2,1,4,1,0,0
2015,Royal Challengers Bangalore,4,1,2,-0.822,7,7,1,3,1,5,1,0,0
2015,Royal Challengers Bangalore,5,2,4,-0.27,6,6,1,3,2,4,1,0,0
2015,Royal Challengers Bangalore,6,3,6,0.519,4,2,2,3,3,2,1,0,0
2015,Royal Challengers Bangalore,7,3,7,0.519,3,2,2,3,3,3,1,0,0
2015,Royal Challengers Bangalore,8,4,9,0.558,3,2,2,3,4,1,1,0,0
2015,Royal Challengers Bangalore,9,4,9,0.285,3,2,2,3,4,1,1,0,0
2015,Royal Challengers Bangalore,10,5,11,1.101,3,1,2,3,4,1,1,0,0
2015,Royal Challengers Bangalore,11,6,13,1.212,3,1,2,3,5,1,1,0,0
2015,Royal Challengers Bangalore,12,6,13,1.036,5,1,2,3,5,1,1,0,0
2015,Royal Challengers Bangalore,13,7,15,1.037,2,1,2,3,6,1,1,0,0
2015,Royal Challengers Bangalore,14,7,16,1.037,3,1,2,3,6,1,1,0,0
2015,Sunrisers Hyderabad,1,0,0,-2.25,8,8,0,1,0,5,0,0,0
2015,Sunrisers Hyderabad,2,1,2,-0.375,5,6,1,1,1,3,0,0,0
2015,Sunrisers Hyderabad,3,1,2,-0.358,6,6,1,1,1,4,0,0,0
2015,Sunrisers Hyderabad,4,1,2,-0.318,5,5,1,2,1,5,0,0,0
2015,Sunrisers Hyderabad,5,2,4,-0.096,4,4,1,2,1,7,0,0,0
2015,Sunrisers Hyderabad,6,2,4,-0.264,6,6,1,2,1,7,0,0,0
2015,Sunrisers Hyderabad,7,3,6,-0.074,5,5,1,2,2,6,0,0,0
2015,Sunrisers Hyderabad,8,4,8,0.084,5,5,2,2,2,7,0,0,0
2015,Sunrisers Hyderabad,9,4,8,-0.132,6,6,2,2,2,7,0,0,0
2015,Sunrisers Hyderabad,10,5,10,-0.079,5,5,2,2,3,6,0,0,0
2015,Sunrisers Hyderabad,11,6,12,-0.043,5,5,2,2,4,3,0,0,0
2015,Sunrisers Hyderabad,12,7,14,-0.017,3,5,3,2,4,4,0,0,0
2015,Sunrisers Hyderabad,13,7,14,-0.033,4,5,3,2,4,5,0,0,0
2015,Sunrisers Hyderabad,14,7,14,-0.239,6,7,3,2,4,6,0,0,0
2016,Delhi Capitals,1,0,0,-2.088,6,6,0,1,0,5,0,0,0
2016,Delhi Capitals,2,1,2,0.152,5,5,1,1,1,1,0,0,0
2016,Delhi Capitals,3,2,4,0.249,3,5,2,1,2,1,0,0,0
2016,Delhi Capitals,4,3,6,0.32,2,3,3,1,3,1,0,0,0
2016,Delhi Capitals,5,3,6,0.244,4,3,3,1,3,2,0,0,0
2016,Delhi Capitals,6,4,8,0.441,3,2,3,1,4,1,0,0,0
2016,Delhi Capitals,7,5,10,0.547,2,1,3,1,5,1,0,0,0
2016,Delhi Capitals,8,5,10,0.407,2,1,3,1,5,1,0,0,0
2016,Delhi Capitals,9,5,10,0.309,4,3,3,2,5,1,0,0,0
2016,Delhi Capitals,10,6,12,0.376,2,2,3,2,6,1,0,0,0
2016,Delhi Capitals,11,6,12,-0.038,4,5,3,2,6,1,0,0,0
2016,Delhi Capitals,12,6,12,-0.125,5,5,3,2,6,1,0,0,0
2016,Delhi Capitals,13,7,14,-0.102,6,6,3,2,7,1,0,0,0
2016,Delhi Capitals,14,7,14,-0.155,6,6,3,2,7,1,0,0,0
2016,Gujarat Lions,1,1,2,1.12,4,4,1,0,1,1,1,1,0
2016,Gujarat Lions,2,2,4,1.04,1,2,2,0,1,1,1,1,0
2016,Gujarat Lions,3,3,6,0.714,1,2,3,0,1,3,1,1,0
2016,Gujarat Lions,4,3,6,-0.036,3,6,3,1,1,4,1,1,0
2016,Gujarat Lions,5,4,8,0.034,2,5,3,1,1,4,1,1,0
2016,Gujarat Lions,6,5,10,0.037,1,5,3,1,1,5,1,1,0
2016,Gujarat Lions,7,6,12,0.038,1,5,3,1,2,4,1,1,0
2016,Gujarat Lions,8,6,12,-0.115,1,7,3,1,2,4,1,1,0
2016,Gujarat Lions,9,6,12,-0.236,3,7,3,2,2,6,1,1,0
2016,Gujarat Lions,10,6,12,-0.267,4,6,3,3,2,6,1,1,0
2016,Gujarat Lions,11,7,14,-0.138,3,6,3,3,3,4,1,1,0
2016,Gujarat Lions,12,7,14,-0.747,3,8,3,3,3,4,1,1,0
2016,Gujarat Lions,13,8,16,-0.479,2,7,3,3,3,4,1,1,0
2016,Gujarat Lions,14,9,18,-0.374,1,7,3,3,4,3,1,1,0
2016,Kolkata Knight Riders,1,1,2,2.088,3,3,1,0,1,1,1,0,0
2016,Kolkata Knight Riders,2,1,2,1.069,2,1,1,1,1,1,1,0,0
2016,Kolkata Knight Riders,3,2,4,0.995,2,1,1,1,2,1,1,0,0
2016,Kolkata Knight Riders,4,3,6,1.075,1,1,2,1,3,1,1,0,0
2016,Kolkata Knight Riders,5,4,8,0.922,1,1,3,1,4,1,1,0,0
2016,Kolkata Knight Riders,6,4,8,0.611,2,1,3,1,4,1,1,0,0
2016,Kolkata Knight Riders,7,4,8,0.322,3,2,3,2,4,2,1,0,0
2016,Kolkata Knight Riders,8,5,10,0.362,3,2,3,2,4,2,1,0,0
2016,Kolkata Knight Riders,9,6,12,0.359,2,2,3,2,4,2,1,0,0
2016,Kolkata Knight Riders,10,6,12,0.206,3,3,3,2,4,2,1,0,0
2016,Kolkata Knight Riders,11,7,14,0.373,2,3,3,2,5,2,1,0,0
2016,Kolkata Knight Riders,12,7,14,0.28,2,3,3,2,5,2,1,0,0
2016,Kolkata Knight Riders,13,7,14,0.022,4,3,3,2,5,2,1,0,0
2016,Kolkata Knight Riders,14,8,16,0.106,4,3,3,2,5,2,1,0,0
2016,Mumbai Indians,1,0,0,-2.541,8,8,0,1,0,5,0,0,0
2016,Mumbai Indians,2,1,2,-1.139,6,6,1,1,1,1,0,0,0
2016,Mumbai Indians,3,1,2,-0.775,7,7,1,1,1,3,0,0,0
2016,Mumbai Indians,4,1,2,-0.88,7,7,1,2,1,4,0,0,0
2016,Mumbai Indians,5,2,4,-0.536,6,7,1,2,1,4,0,0,0
2016,Mumbai Indians,6,2,4,-0.528,7,7,1,2,1,5,0,0,0
2016,Mumbai Indians,7,3,6,-0.268,5,7,1,2,2,4,0,0,0
2016,Mumbai Indians,8,4,8,-0.104,5,6,2,2,2,4,0,0,0
2016,Mumbai Indians,9,5,10,-0.009,5,6,3,2,2,6,0,0,0
2016,Mumbai Indians,10,5,10,-0.447,5,7,3,2,2,6,0,0,0
2016,Mumbai Indians,11,6,12,-0.346,5,7,3,2,3,4,0,0,0
2016,Mumbai Indians,12,6,12,-0.435,6,7,3,2,3,4,0,0,0
2016,Mumbai Indians,13,7,14,-0.082,5,5,3,2,3,4,0,0,0
2016,Mumbai Indians,14,7,14,-0.146,5,5,3,2,3,5,0,0,0
2016,Punjab Kings,1,0,0,-1.12,5,5,0,1,0,5,0,0,0
2016,Punjab Kings,2,0,0,-2.024,8,8,0,2,0,7,0,0,0
2016,Punjab Kings,3,1,2,-1.101,8,8,1,2,1,3,0,0,0
2016,Punjab Kings,4,1,2,-1.155,8,8,1,2,1,4,0,0,0
2016,Punjab Kings,5,1,2,-1.131,8,8,1,2,1,4,0,0,0
2016,Punjab Kings,6,1,2,-1.174,8,8,1,3,1,5,0,0,0
2016,Punjab Kings,7,2,4,-0.811,8,8,1,3,2,4,0,0,0
2016,Punjab Kings,8,2,4,-0.753,8,8,1,3,2,4,0,0,0
2016,Punjab Kings,9,3,6,-0.622,8,8,1,3,3,4,0,0,0
2016,Punjab Kings,10,3,6,-0.567,8,8,1,3,3,4,0,0,0
2016,Punjab Kings,11,4,8,-0.384,7,8,1,3,3,4,0,0,0
2016,Punjab Kings,12,4,8,-0.371,7,6,1,3,3,4,0,0,0
2016,Punjab Kings,13,4,8,-0.693,8,8,1,3,3,4,0,0,0
2016,Punjab Kings,14,4,8,-0.646,8,8,1,3,3,5,0,0,0
2016,Rising Pune Supergiant,1,1,2,2.541,1,1,1,0,1,1,0,0,0
2016,Rising Pune Supergiant,2,1,2,0.837,4,4,1,1,1,1,0,0,0
2016,Rising Pune Supergiant,3,1,2,0.338,4,3,1,2,1,3,0,0,0
2016,Rising Pune Supergiant,4,1,2,0.084,6,4,1,3,1,4,0,0,0
2016,Rising Pune Supergiant,5,1,2,0.003,7,6,1,4,1,4,0,0,0
2016,Rising Pune Supergiant,6,2,4,0.32,5,3,1,4,2,4,0,0,0
2016,Rising Pune Supergiant,7,2,4,0.265,6,3,1,4,2,4,0,0,0
2016,Rising Pune Supergiant,8,2,4,0.13,7,3,1,4,2,4,0,0,0
2016,Rising Pune Supergiant,9,3,6,0.181,7,4,1,4,2,6,0,0,0
2016,Rising Pune Supergiant,10,3,6,0.118,7,4,1,4,2,6,0,0,0
2016,Rising Pune Supergiant,11,3,6,0.087,8,4,1,4,2,8,0,0,0
2016,Rising Pune Supergiant,12,3,6,-0.078,8,4,1,4,2,8,0,0,0
2016,Rising Pune Supergiant,13,4,8,0.013,7,4,1,4,2,8,0,0,0
2016,Rising Pune Supergiant,14,5,10,0.015,7,4,2,4,3,5,0,0,0
2016,Royal Challengers Bangalore,1,1,2,2.25,2,2,1,0,1,1,1,1,0
2016,Royal Challengers Bangalore,2,1,2,0.901,3,3,1,1,1,1,1,1,0
2016,Royal Challengers Bangalore,3,1,2,0.266,5,4,1,2,1,3,1,1,0
2016,Royal Challengers Bangalore,4,2,4,0.371,4,2,1,2,1,4,1,1,0
2016,Royal Challengers Bangalore,5,2,4,0.23,5,4,1,2,1,4,1,1,0
2016,Royal Challengers Bangalore,6,2,4,0.065,6,4,1,2,1,5,1,1,0
2016,Royal Challengers Bangalore,7,2,4,-0.031,7,6,1,3,1,8,1,1,0
2016,Royal Challengers Bangalore,8,3,6,0.027,6,5,1,3,2,4,1,1,0
2016,Royal Challengers Bangalore,9,4,8,0.032,6,5,2,3,3,4,1,1,0
2016,Royal Challengers Bangalore,10,4,8,-0.041,6,5,2,3,3,4,1,1,0
2016,Royal Challengers Bangalore,11,5,10,0.627,6,1,2,3,3,4,1,1,0
2016,Royal Challengers Bangalore,12,6,12,0.64,4,1,2,3,3,4,1,1,0
2016,Royal Challengers Bangalore,13,7,14,0.93,3,1,3,3,3,4,1,1,0
2016,Royal Challengers Bangalore,14,8,16,0.932,2,1,4,3,3,5,1,1,0
2016,Sunrisers Hyderabad,1,0,0,-2.25,7,7,0,1,0,5,1,0,1
2016,Sunrisers Hyderabad,2,0,0,-1.63,7,7,0,2,0,7,1,0,1
2016,Sunrisers Hyderabad,3,1,2,-0.672,6,6,1,2,1,3,1,0,1
2016,Sunrisers Hyderabad,4,2,4,0.08,5,5,2,2,2,3,1,0,1
2016,Sunrisers Hyderabad,5,3,6,0.276,3,2,3,2,3,2,1,0,1
2016,Sunrisers Hyderabad,6,3,6,-0.086,4,6,3,2,3,3,1,0,1
2016,Sunrisers Hyderabad,7,4,8,0.06,4,4,3,2,3,3,1,0,1
2016,Sunrisers Hyderabad,8,5,10,0.115,4,4,3,2,3,3,1,0,1
2016,Sunrisers Hyderabad,9,6,12,0.609,1,1,3,2,4,2,1,0,1
2016,Sunrisers Hyderabad,10,7,14,0.558,1,1,4,2,4,2,1,0,1
2016,Sunrisers Hyderabad,11,7,14,0.417,1,2,4,2,4,3,1,0,1
2016,Sunrisers Hyderabad,12,8,16,0.4,1,2,4,2,4,3,1,0,1
2016,Sunrisers Hyderabad,13,8,16,0.355,1,2,4,2,4,3,1,0,1
2016,Sunrisers Hyderabad,14,8,16,0.245,3,2,4,2,4,3,1,0,1
2017,Delhi Capitals,1,0,0,-0.75,6,6,0,1,0,5,0,0,0
2017,Delhi Capitals,2,1,2,2.05,3,2,1,1,1,3,0,0,0
2017,Delhi Capitals,3,2,4,2.217,1,1,2,1,2,1,0,0,0
2017,Delhi Capitals,4,2,4,1.635,3,1,2,1,2,3,0,0,0
2017,Delhi Capitals,5,2,4,1.157,4,1,2,2,2,4,0,0,0
2017,Delhi Capitals,6,2,4,0.848,5,1,2,3,2,5,0,0,0
2017,Delhi Capitals,7,2,4,0.514,6,3,2,4,2,6,0,0,0
2017,Delhi Capitals,8,2,4,-0.156,8,4,2,5,2,6,0,0,0
2017,Delhi Capitals,9,3,6,-0.094,6,5,2,5,3,6,0,0,0
2017,Delhi Capitals,10,4,8,0.03,6,5,2,5,4,4,0,0,0
2017,Delhi Capitals,11,4,8,-0.66,6,7,2,5,4,5,0,0,0
2017,Delhi Capitals,12,5,10,-0.59,6,7,2,5,5,4,0,0,0
2017,Delhi Capitals,13,6,12,-0.514,6,7,2,5,6,2,0,0,0
2017,Delhi Capitals,14,6,12,-0.512,6,7,2,5,6,3,0,0,0
2017,Gujarat Lions,1,0,0,-3.254,8,8,0,1,0,5,0,0,0
2017,Gujarat Lions,2,0,0,-2.731,8,8,0,2,0,8,0,0,0
2017,Gujarat Lions,3,1,2,-1.386,7,7,1,2,1,6,0,0,0
2017,Gujarat Lions,4,1,2,-1.084,7,7,1,2,1,6,0,0,0
2017,Gujarat Lions,5,1,2,-1.096,8,8,1,2,1,7,0,0,0
2017,Gujarat Lions,6,2,4,-0.769,8,8,1,2,2,5,0,0,0
2017,Gujarat Lions,7,2,4,-0.844,7,7,1,2,2,6,0,0,0
2017,Gujarat Lions,8,3,6,-0.36,5,5,1,2,2,6,0,0,0
2017,Gujarat Lions,9,3,6,-0.318,7,7,1,2,2,7,0,0,0
2017,Gujarat Lions,10,3,6,-0.323,7,7,1,2,2,7,0,0,0
2017,Gujarat Lions,11,3,6,-0.433,7,6,1,3,2,7,0,0,0
2017,Gujarat Lions,12,4,8,-0.369,7,6,1,3,3,7,0,0,0
2017,Gujarat Lions,13,4,8,-0.361,7,6,1,3,3,7,0,0,0
2017,Gujarat Lions,14,4,8,-0.412,7,6,1,3,3,7,0,0,0
2017,Kolkata Knight Riders,1,1,2,3.254,1,1,1,0,1,1,1,0,0
2017,Kolkata Knight Riders,2,1,2,1.279,4,4,1,1,1,3,1,0,0
2017,Kolkata Knight Riders,3,2,4,1.475,2,2,1,1,2,1,1,0,0
2017,Kolkata Knight Riders,4,3,6,1.265,1,2,2,1,3,1,1,0,0
2017,Kolkata Knight Riders,5,4,8,1.013,1,2,3,1,4,1,1,0,0
2017,Kolkata Knight Riders,6,4,8,0.709,2,2,3,1,4,1,1,0,0
2017,Kolkata Knight Riders,7,5,10,1.177,2,1,3,1,5,1,1,0,0
2017,Kolkata Knight Riders,8,6,12,1.153,1,1,3,1,5,1,1,0,0
2017,Kolkata Knight Riders,9,7,14,1.223,1,1,3,1,6,1,1,0,0
2017,Kolkata Knight Riders,10,7,14,0.849,2,1,3,1,6,2,1,0,0
2017,Kolkata Knight Riders,11,7,14,0.725,2,2,3,2,6,2,1,0,0
2017,Kolkata Knight Riders,12,8,16,0.858,2,2,3,2,6,2,1,0,0
2017,Kolkata Knight Riders,13,8,16,0.729,2,2,3,2,6,2,1,0,0
2017,Kolkata Knight Riders,14,8,16,0.641,4,2,3,2,6,3,1,0,0
2017,Mumbai Indians,1,0,0,-0.229,5,5,0,1,0,5,1,1,1
2017,Mumbai Indians,2,1,2,-0.025,5,5,1,1,1,3,1,1,1
2017,Mumbai Indians,3,2,4,0.199,5,5,2,1,2,1,1,1,1
2017,Mumbai Indians,4,3,6,0.308,2,4,3,1,3,1,1,1,1
2017,Mumbai Indians,5,4,8,0.302,2,4,4,1,3,2,1,1,1
2017,Mumbai Indians,6,5,10,0.623,1,3,5,1,4,1,1,1,1
2017,Mumbai Indians,7,6,12,0.617,1,2,6,1,5,1,1,1,1
2017,Mumbai Indians,8,6,12,0.514,2,2,6,1,5,1,1,1,1
2017,Mumbai Indians,9,7,14,0.451,2,3,6,1,6,1,1,1,1
2017,Mumbai Indians,10,8,16,0.427,1,3,6,1,7,1,1,1,1
2017,Mumbai Indians,11,9,18,1.058,1,1,6,1,8,1,1,1,1
2017,Mumbai Indians,12,9,18,0.903,1,1,6,1,8,1,1,1,1
2017,Mumbai Indians,13,9,18,0.81,1,1,6,2,8,1,1,1,1
2017,Mumbai Indians,14,10,20,0.784,1,1,6,2,9,1,1,1,1
2017,Punjab Kings,1,1,2,0.482,3,3,1,0,1,1,0,0,0
2017,Punjab Kings,2,2,4,1.598,2,3,2,0,2,1,0,0,0
2017,Punjab Kings,3,2,4,0.516,4,4,2,1,2,1,0,0,0
2017,Punjab Kings,4,2,4,-0.309,5,5,2,2,2,3,0,0,0
2017,Punjab Kings,5,2,4,-0.302,5,5,2,3,2,4,0,0,0
2017,Punjab Kings,6,2,4,-0.606,6,5,2,4,2,5,0,0,0
2017,Punjab Kings,7,3,6,-0.319,5,5,2,4,3,4,0,0,0
2017,Punjab Kings,8,3,6,-0.448,6,6,2,4,3,4,0,0,0
2017,Punjab Kings,9,4,8,0.228,5,4,2,4,4,3,0,0,0
2017,Punjab Kings,10,5,10,0.292,5,4,2,4,4,4,0,0,0
2017,Punjab Kings,11,5,10,0.242,5,4,2,4,4,5,0,0,0
2017,Punjab Kings,12,6,12,0.28,5,4,2,4,5,4,0,0,0
2017,Punjab Kings,13,7,14,0.296,5,4,2,4,6,2,0,0,0
2017,Punjab Kings,14,7,14,-0.009,5,5,2,4,6,3,0,0,0
2017,Rising Pune Supergiant,1,1,2,0.229,4,4,1,0,1,1,1,1,0
2017,Rising Pune Supergiant,2,1,2,-0.136,6,6,1,1,1,3,1,1,0
2017,Rising Pune Supergiant,3,1,2,-1.718,8,8,1,2,1,6,1,1,0
2017,Rising Pune Supergiant,4,1,2,-1.537,8,8,1,3,1,6,1,1,0
2017,Rising Pune Supergiant,5,2,4,-0.942,6,6,1,3,2,4,1,1,0
2017,Rising Pune Supergiant,6,3,6,-0.76,4,7,2,3,3,4,1,1,0
2017,Rising Pune Supergiant,7,4,8,-0.627,4,6,3,3,3,4,1,1,0
2017,Rising Pune Supergiant,8,4,8,-0.666,4,7,3,3,3,4,1,1,0
2017,Rising Pune Supergiant,9,5,10,-0.24,4,6,3,3,4,3,1,1,0
2017,Rising Pune Supergiant,10,6,12,-0.179,4,6,3,3,4,4,1,1,0
2017,Rising Pune Supergiant,11,7,14,-0.123,3,5,3,3,5,3,1,1,0
2017,Rising Pune Supergiant,12,8,16,-0.06,3,5,4,3,6,2,1,1,0
2017,Rising Pune Supergiant,13,8,16,-0.083,3,5,4,3,6,2,1,1,0
2017,Rising Pune Supergiant,14,9,18,0.176,2,4,4,3,6,3,1,1,0
2017,Royal Challengers Bangalore,1,0,0,-1.75,7,7,0,1,0,5,0,0,0
2017,Royal Challengers Bangalore,2,1,2,-0.5,7,7,1,1,1,3,0,0,0
2017,Royal Challengers Bangalore,3,1,2,-1.206,6,6,1,1,1,6,0,0,0
2017,Royal Challengers Bangalore,4,1,2,-1.044,6,6,1,2,1,6,0,0,0
2017,Royal Challengers Bangalore,5,1,2,-1.095,7,7,1,3,1,7,0,0,0
2017,Royal Challengers Bangalore,6,2,4,-0.747,7,6,1,3,2,5,0,0,0
2017,Royal Challengers Bangalore,7,2,4,-1.21,8,8,1,3,2,6,0,0,0
2017,Royal Challengers Bangalore,8,2,5,-1.21,7,8,1,3,2,6,0,0,0
2017,Royal Challengers Bangalore,9,2,5,-1.401,8,8,1,3,2,7,0,0,0
2017,Royal Challengers Bangalore,10,2,5,-1.578,8,8,1,4,2,7,0,0,0
2017,Royal Challengers Bangalore,11,2,5,-1.441,8,8,1,5,2,7,0,0,0
2017,Royal Challengers Bangalore,12,2,5,-1.387,8,8,1,6,2,8,0,0,0
2017,Royal Challengers Bangalore,13,2,5,-1.454,8,8,1,7,2,8,0,0,0
2017,Royal Challengers Bangalore,14,3,7,-1.299,8,8,1,7,3,7,0,0,0
2017,Sunrisers Hyderabad,1,1,2,1.75,2,2,1,0,1,1,1,0,0
2017,Sunrisers Hyderabad,2,2,4,2.1,1,1,2,0,2,1,1,0,0
2017,Sunrisers Hyderabad,3,2,4,1.156,3,3,2,1,2,1,1,0,0
2017,Sunrisers Hyderabad,4,2,4,0.632,4,3,2,2,2,3,1,0,0
2017,Sunrisers Hyderabad,5,3,6,0.549,3,3,2,2,3,2,1,0,0
2017,Sunrisers Hyderabad,6,4,8,0.587,3,4,2,2,4,1,1,0,0
2017,Sunrisers Hyderabad,7,4,8,0.481,3,4,2,2,4,3,1,0,0
2017,Sunrisers Hyderabad,8,4,9,0.481,3,3,2,2,4,3,1,0,0
2017,Sunrisers Hyderabad,9,5,11,0.588,3,2,2,2,4,3,1,0,0
2017,Sunrisers Hyderabad,10,6,13,0.794,3,2,2,2,5,3,1,0,0
2017,Sunrisers Hyderabad,11,6,13,0.659,4,3,2,2,5,3,1,0,0
2017,Sunrisers Hyderabad,12,6,13,0.541,4,3,2,2,5,4,1,0,0
2017,Sunrisers Hyderabad,13,7,15,0.565,4,3,2,2,6,2,1,0,0
2017,Sunrisers Hyderabad,14,8,17,0.599,3,3,2,2,7,2,1,0,0
2018,Chennai Super Kings,1,1,2,0.271,4,4,1,0,1,1,1,1,1
2018,Chennai Super Kings,2,2,4,0.254,2,2,2,0,2,1,1,1,1
2018,Chennai Super Kings,3,2,4,0.103,3,3,2,1,2,2,1,1,1
2018,Chennai Super Kings,4,3,6,0.878,1,1,2,1,3,1,1,1,1
2018,Chennai Super Kings,5,4,8,0.742,1,2,2,1,4,1,1,1,1
2018,Chennai Super Kings,6,5,10,0.662,1,1,3,1,5,1,1,1,1
2018,Chennai Super Kings,7,5,10,0.538,1,1,3,1,5,1,1,1,1
2018,Chennai Super Kings,8,6,12,0.553,1,1,3,1,5,1,1,1,1
2018,Chennai Super Kings,9,6,12,0.354,2,2,3,1,5,1,1,1,1
2018,Chennai Super Kings,10,7,14,0.421,2,2,3,1,6,1,1,1,1
2018,Chennai Super Kings,11,7,14,0.37,2,3,3,1,6,1,1,1,1
2018,Chennai Super Kings,12,8,16,0.383,2,3,3,1,6,1,1,1,1
2018,Chennai Super Kings,13,8,16,0.22,2,4,3,1,6,1,1,1,1
2018,Chennai Super Kings,14,9,18,0.253,2,3,3,1,7,1,1,1,1
2018,Delhi Capitals,1,0,0,-0.567,6,6,0,1,0,5,0,0,0
2018,Delhi Capitals,2,0,0,-0.851,8,7,0,2,0,7,0,0,0
2018,Delhi Capitals,3,1,2,-0.461,7,8,1,2,1,4,0,0,0
2018,Delhi Capitals,4,1,2,-1.399,8,8,1,2,1,5,0,0,0
2018,Delhi Capitals,5,1,2,-1.324,8,8,1,2,1,6,0,0,0
2018,Delhi Capitals,6,1,2,-1.097,8,8,1,3,1,7,0,0,0
2018,Delhi Capitals,7,2,4,-0.482,8,7,1,3,2,4,0,0,0
2018,Delhi Capitals,8,2,4,-0.509,8,7,1,3,2,6,0,0,0
2018,Delhi Capitals,9,3,6,-0.45,7,7,1,3,3,4,0,0,0
2018,Delhi Capitals,10,3,6,-0.411,8,7,1,3,3,4,0,0,0
2018,Delhi Capitals,11,3,6,-0.447,8,7,1,3,3,5,0,0,0
2018,Delhi Capitals,12,3,6,-0.478,8,7,1,3,3,5,0,0,0
2018,Delhi Capitals,13,4,8,-0.288,8,6,1,3,4,3,0,0,0
2018,Delhi Capitals,14,5,10,-0.222,8,6,2,3,5,2,0,0,0
2018,Kolkata Knight Riders,1,1,2,0.598,2,2,1,0,1,1,1,0,0
2018,Kolkata Knight Riders,2,1,2,0.195,3,3,1,1,1,3,1,0,0
2018,Kolkata Knight Riders,3,1,2,-0.051,5,4,1,2,1,4,1,0,0
2018,Kolkata Knight Riders,4,2,4,0.863,4,2,1,2,2,3,1,0,0
2018,Kolkata Knight Riders,5,3,6,0.825,3,1,2,2,2,3,1,0,0
2018,Kolkata Knight Riders,6,3,6,0.572,4,2,2,2,2,4,1,0,0
2018,Kolkata Knight Riders,7,3,6,0.062,4,4,2,2,2,4,1,0,0
2018,Kolkata Knight Riders,8,4,8,0.11,4,4,2,2,3,3,1,0,0
2018,Kolkata Knight Riders,9,5,10,0.24,4,3,2,2,3,4,1,0,0
2018,Kolkata Knight Riders,10,5,10,0.145,4,3,2,2,3,4,1,0,0
2018,Kolkata Knight Riders,11,5,10,-0.359,5,6,2,2,3,5,1,0,0
2018,Kolkata Knight Riders,12,6,12,-0.189,3,5,2,2,3,5,1,0,0
2018,Kolkata Knight Riders,13,7,14,-0.091,3,5,2,2,4,3,1,0,0
2018,Kolkata Knight Riders,14,8,16,-0.07,3,5,3,2,4,4,1,0,0
2018,Mumbai Indians,1,0,0,-0.271,5,5,0,1,0,5,0,0,0
2018,Mumbai Indians,2,0,0,-0.233,7,6,0,2,0,7,0,0,0
2018,Mumbai Indians,3,0,0,-0.174,8,5,0,3,0,8,0,0,0
2018,Mumbai Indians,4,1,2,0.445,6,3,1,3,1,5,0,0,0
2018,Mumbai Indians,5,1,2,0.317,7,4,1,3,1,6,0,0,0
2018,Mumbai Indians,6,1,2,0.008,7,5,1,3,1,7,0,0,0
2018,Mumbai Indians,7,2,4,0.033,6,5,1,3,1,8,0,0,0
2018,Mumbai Indians,8,2,4,-0.059,7,5,1,3,1,8,0,0,0
2018,Mumbai Indians,9,3,6,0.005,5,5,1,3,2,7,0,0,0
2018,Mumbai Indians,10,4,8,0.07,5,5,2,3,3,4,0,0,0
2018,Mumbai Indians,11,5,10,0.529,4,1,3,3,4,2,0,0,0
2018,Mumbai Indians,12,5,10,0.405,6,1,3,3,4,2,0,0,0
2018,Mumbai Indians,13,6,12,0.384,4,1,3,3,5,2,0,0,0
2018,Mumbai Indians,14,6,12,0.317,5,1,3,3,5,2,0,0,0
2018,Punjab Kings,1,1,2,0.567,3,3,1,0,1,1,0,0,0
2018,Punjab Kings,2,1,2,0.064,4,4,1,1,1,3,0,0,0
2018,Punjab Kings,3,2,4,0.116,2,2,1,1,2,2,0,0,0
2018,Punjab Kings,4,3,6,0.277,3,5,2,1,2,3,0,0,0
2018,Punjab Kings,5,4,8,0.446,2,3,3,1,2,3,0,0,0
2018,Punjab Kings,6,5,10,0.394,2,4,4,1,3,2,0,0,0
2018,Punjab Kings,7,5,10,0.228,3,3,4,1,3,2,0,0,0
2018,Punjab Kings,8,5,10,0.13,3,3,4,2,3,3,0,0,0
2018,Punjab Kings,9,6,12,0.198,3,4,4,2,4,2,0,0,0
2018,Punjab Kings,10,6,12,0.097,3,4,4,2,4,2,0,0,0
2018,Punjab Kings,11,6,12,-0.056,3,4,4,2,4,2,0,0,0
2018,Punjab Kings,12,6,12,-0.518,5,8,4,3,4,2,0,0,0
2018,Punjab Kings,13,6,12,-0.49,7,8,4,4,4,3,0,0,0
2018,Punjab Kings,14,6,12,-0.502,7,8,4,5,4,4,0,0,0
2018,Rajasthan Royals,1,0,0,-1.771,8,8,0,1,0,5,1,0,0
2018,Rajasthan Royals,2,1,2,-1.065,6,8,1,1,1,3,1,0,0
2018,Rajasthan Royals,3,2,4,-0.247,4,6,2,1,1,4,1,0,0
2018,Rajasthan Royals,4,2,4,-0.366,5,6,2,1,1,5,1,0,0
2018,Rajasthan Royals,5,2,4,-1.043,6,7,2,2,1,6,1,0,0
2018,Rajasthan Royals,6,3,6,-0.801,5,7,2,2,2,4,1,0,0
2018,Rajasthan Royals,7,3,6,-0.751,5,8,2,2,2,4,1,0,0
2018,Rajasthan Royals,8,3,6,-0.726,6,8,2,2,2,6,1,0,0
2018,Rajasthan Royals,9,3,6,-0.726,8,8,2,3,2,7,1,0,0
2018,Rajasthan Royals,10,4,8,-0.552,6,8,2,3,3,4,1,0,0
2018,Rajasthan Royals,11,5,10,-0.484,6,8,2,3,3,5,1,0,0
2018,Rajasthan Royals,12,6,12,-0.347,4,6,3,3,3,5,1,0,0
2018,Rajasthan Royals,13,6,12,-0.403,6,7,3,3,3,7,1,0,0
2018,Rajasthan Royals,14,7,14,-0.25,4,7,3,3,4,4,1,0,0
2018,Royal Challengers Bangalore,1,0,0,-0.598,7,7,0,1,0,5,0,0,0
2018,Royal Challengers Bangalore,2,1,2,-0.068,5,5,1,1,1,3,0,0,0
2018,Royal Challengers Bangalore,3,1,2,-0.373,6,7,1,1,1,4,0,0,0
2018,Royal Challengers Bangalore,4,1,2,-0.861,7,7,1,2,1,5,0,0,0
2018,Royal Challengers Bangalore,5,2,4,-0.486,5,6,1,2,2,3,0,0,0
2018,Royal Challengers Bangalore,6,2,4,-0.446,6,6,1,2,2,4,0,0,0
2018,Royal Challengers Bangalore,7,2,4,-0.447,7,6,1,2,2,4,0,0,0
2018,Royal Challengers Bangalore,8,3,6,-0.301,5,6,1,2,3,3,0,0,0
2018,Royal Challengers Bangalore,9,3,6,-0.376,6,6,1,2,3,4,0,0,0
2018,Royal Challengers Bangalore,10,3,6,-0.361,7,6,1,2,3,4,0,0,0
2018,Royal Challengers Bangalore,11,4,8,-0.261,7,5,1,2,3,5,0,0,0
2018,Royal Challengers Bangalore,12,5,10,0.218,7,4,2,2,3,5,0,0,0
2018,Royal Challengers Bangalore,13,6,12,0.264,5,3,3,2,3,7,0,0,0
2018,Royal Challengers Bangalore,14,6,12,0.129,6,4,3,2,3,8,0,0,0
2018,Sunrisers Hyderabad,1,1,2,1.771,1,1,1,0,1,1,1,1,0
2018,Sunrisers Hyderabad,2,2,4,0.958,1,1,2,0,2,1,1,1,0
2018,Sunrisers Hyderabad,3,3,6,0.772,1,1,3,0,3,1,1,1,0
2018,Sunrisers Hyderabad,4,3,6,0.414,2,4,3,1,3,1,1,1,0
2018,Sunrisers Hyderabad,5,3,6,0.301,4,5,3,2,3,2,1,1,0
2018,Sunrisers Hyderabad,6,4,8,0.492,3,3,3,2,3,2,1,1,0
2018,Sunrisers Hyderabad,7,5,10,0.509,2,2,3,2,3,2,1,1,0
2018,Sunrisers Hyderabad,8,6,12,0.514,2,2,3,2,4,2,1,1,0
2018,Sunrisers Hyderabad,9,7,14,0.471,1,1,4,2,4,2,1,1,0
2018,Sunrisers Hyderabad,10,8,16,0.448,1,1,5,2,4,2,1,1,0
2018,Sunrisers Hyderabad,11,9,18,0.473,1,2,6,2,4,2,1,1,0
2018,Sunrisers Hyderabad,12,9,18,0.4,1,2,6,2,4,2,1,1,0
2018,Sunrisers Hyderabad,13,9,18,0.319,1,2,6,2,4,3,1,1,0
2018,Sunrisers Hyderabad,14,9,18,0.284,1,2,6,3,4,4,1,1,0
2019,Chennai Super Kings,1,1,2,0.519,3,3,1,0,1,1,1,1,0
2019,Chennai Super Kings,2,2,4,0.495,2,3,2,0,2,1,1,1,0
2019,Chennai Super Kings,3,3,6,0.507,1,4,3,0,3,1,1,1,0
2019,Chennai Super Kings,4,3,6,-0.084,4,5,3,1,3,1,1,1,0
2019,Chennai Super Kings,5,4,8,0.159,2,4,3,1,3,1,1,1,0
2019,Chennai Super Kings,6,5,10,0.31,1,3,3,1,4,1,1,1,0
2019,Chennai Super Kings,7,6,12,0.299,1,3,3,1,4,1,1,1,0
2019,Chennai Super Kings,8,7,14,0.288,1,4,4,1,5,1,1,1,0
2019,Chennai Super Kings,9,7,14,0.101,1,5,4,1,5,1,1,1,0
2019,Chennai Super Kings,10,7,14,0.087,1,4,4,2,5,2,1,1,0
2019,Chennai Super Kings,11,8,16,0.091,1,4,4,2,5,3,1,1,0
2019,Chennai Super Kings,12,8,16,-0.113,2,5,4,2,5,3,1,1,0
2019,Chennai Super Kings,13,9,18,0.209,1,3,4,2,5,3,1,1,0
2019,Chennai Super Kings,14,9,18,0.131,2,3,4,2,5,3,1,1,0
2019,Delhi Capitals,1,1,2,1.85,1,1,1,0,1,1,1,0,0
2019,Delhi Capitals,2,1,2,0.782,3,2,1,1,1,2,1,0,0
2019,Delhi Capitals,3,2,4,0.519,4,3,1,1,2,2,1,0,0
2019,Delhi Capitals,4,2,4,0.215,5,3,1,1,2,3,1,0,0
2019,Delhi Capitals,5,2,4,0.029,6,5,1,2,2,4,1,0,0
2019,Delhi Capitals,6,3,6,0.131,6,5,1,2,3,4,1,0,0
2019,Delhi Capitals,7,4,8,0.197,4,5,2,2,4,1,1,0,0
2019,Delhi Capitals,8,5,10,0.418,2,2,3,2,5,1,1,0,0
2019,Delhi Capitals,9,5,10,0.146,4,4,3,2,5,1,1,0,0
2019,Delhi Capitals,10,6,12,0.16,3,3,3,2,6,1,1,0,0
2019,Delhi Capitals,11,7,14,0.181,3,3,3,2,6,1,1,0,0
2019,Delhi Capitals,12,8,16,0.233,1,3,3,2,6,1,1,0,0
2019,Delhi Capitals,13,8,16,-0.096,3,5,3,2,6,1,1,0,0
2019,Delhi Capitals,14,9,18,0.044,3,4,3,2,7,1,1,0,0
2019,Kolkata Knight Riders,1,1,2,0.255,4,4,1,0,1,1,0,0,0
2019,Kolkata Knight Riders,2,2,4,0.834,1,1,2,0,1,2,0,0,0
2019,Kolkata Knight Riders,3,2,4,0.555,3,2,2,1,1,5,0,0,0
2019,Kolkata Knight Riders,4,3,6,0.534,2,2,2,1,1,6,0,0,0
2019,Kolkata Knight Riders,5,4,8,1.058,1,1,2,1,2,4,0,0,0
2019,Kolkata Knight Riders,6,4,8,0.614,2,2,2,1,2,5,0,0,0
2019,Kolkata Knight Riders,7,4,8,0.434,2,1,2,2,2,5,0,0,0
2019,Kolkata Knight Riders,8,4,8,0.35,5,3,2,3,2,6,0,0,0
2019,Kolkata Knight Riders,9,4,8,0.256,6,3,2,4,2,7,0,0,0
2019,Kolkata Knight Riders,10,4,8,-0.013,6,5,2,5,2,8,0,0,0
2019,Kolkata Knight Riders,11,4,8,-0.05,6,5,2,6,2,8,0,0,0
2019,Kolkata Knight Riders,12,5,10,0.1,5,4,2,6,2,8,0,0,0
2019,Kolkata Knight Riders,13,6,12,0.173,5,4,2,6,3,7,0,0,0
2019,Kolkata Knight Riders,14,6,12,0.028,5,5,2,6,3,8,0,0,0
2019,Mumbai Indians,1,0,0,-1.85,8,8,0,1,0,5,1,1,1
2019,Mumbai Indians,2,1,2,-0.775,6,8,1,1,1,2,1,1,1
2019,Mumbai Indians,3,1,2,-0.75,6,7,1,1,1,5,1,1,1
2019,Mumbai Indians,4,2,4,-0.087,6,6,1,1,2,3,1,1,1
2019,Mumbai Indians,5,3,6,0.342,4,3,2,1,3,1,1,1,1
2019,Mumbai Indians,6,4,8,0.29,3,4,3,1,4,1,1,1,1
2019,Mumbai Indians,7,4,8,0.209,3,4,3,1,4,1,1,1,1
2019,Mumbai Indians,8,5,10,0.244,3,5,3,1,5,1,1,1,1
2019,Mumbai Indians,9,6,12,0.442,2,2,3,1,5,1,1,1,1
2019,Mumbai Indians,10,6,12,0.357,2,2,3,1,5,2,1,1,1
2019,Mumbai Indians,11,7,14,0.537,2,2,3,1,6,1,1,1,1
2019,Mumbai Indians,12,7,14,0.347,3,2,3,1,6,1,1,1,1
2019,Mumbai Indians,13,8,16,0.321,2,2,3,1,6,1,1,1,1
2019,Mumbai Indians,14,9,18,0.421,1,2,3,1,6,2,1,1,1
2019,Punjab Kings,1,1,2,0.7,2,2,1,0,1,1,0,0,0
2019,Punjab Kings,2,1,2,-0.35,5,5,1,1,1,2,0,0,0
2019,Punjab Kings,3,2,4,-0.008,5,5,1,1,2,2,0,0,0
2019,Punjab Kings,4,3,6,0.164,3,4,2,1,3,1,0,0,0
2019,Punjab Kings,5,3,6,-0.094,5,6,2,1,3,1,0,0,0
2019,Punjab Kings,6,4,8,-0.061,4,6,2,1,4,1,0,0,0
2019,Punjab Kings,7,4,8,-0.057,5,6,2,1,4,1,0,0,0
2019,Punjab Kings,8,4,8,-0.093,6,6,2,2,4,4,0,0,0
2019,Punjab Kings,9,5,10,-0.015,5,6,2,2,5,1,0,0,0
2019,Punjab Kings,10,5,10,-0.044,5,6,2,2,5,2,0,0,0
2019,Punjab Kings,11,5,10,-0.117,5,6,2,2,5,3,0,0,0
2019,Punjab Kings,12,5,10,-0.296,6,6,2,3,5,3,0,0,0
2019,Punjab Kings,13,5,10,-0.351,7,7,2,4,5,3,0,0,0
2019,Punjab Kings,14,6,12,-0.251,6,6,2,4,5,3,0,0,0
2019,Rajasthan Royals,1,0,0,-0.7,7,7,0,1,0,5,0,0,0
2019,Rajasthan Royals,2,0,0,-0.672,8,7,0,2,0,7,0,0,0
2019,Rajasthan Royals,3,0,0,-0.575,7,6,0,3,0,7,0,0,0
2019,Rajasthan Royals,4,1,2,-0.333,7,7,1,3,1,6,0,0,0
2019,Rajasthan Royals,5,1,2,-0.848,7,7,1,3,1,7,0,0,0
2019,Rajasthan Royals,6,1,2,-0.725,7,7,1,3,1,7,0,0,0
2019,Rajasthan Royals,7,2,4,-0.587,7,7,1,3,2,5,0,0,0
2019,Rajasthan Royals,8,2,4,-0.589,7,7,1,3,2,6,0,0,0
2019,Rajasthan Royals,9,3,6,-0.474,7,7,1,3,3,6,0,0,0
2019,Rajasthan Royals,10,3,6,-0.47,7,7,1,3,3,6,0,0,0
2019,Rajasthan Royals,11,4,8,-0.39,7,7,1,3,4,5,0,0,0
2019,Rajasthan Royals,12,5,10,-0.321,7,7,2,3,5,3,0,0,0
2019,Rajasthan Royals,13,5,11,-0.321,6,6,2,3,5,3,0,0,0
2019,Rajasthan Royals,14,5,11,-0.449,7,7,2,3,5,3,0,0,0
2019,Royal Challengers Bangalore,1,0,0,-0.519,6,6,0,1,0,5,0,0,0
2019,Royal Challengers Bangalore,2,0,0,-0.575,7,6,0,2,0,7,0,0,0
2019,Royal Challengers Bangalore,3,0,0,-2.413,8,8,0,3,0,7,0,0,0
2019,Royal Challengers Bangalore,4,0,0,-1.901,8,8,0,4,0,8,0,0,0
2019,Royal Challengers Bangalore,5,0,0,-1.616,8,8,0,5,0,8,0,0,0
2019,Royal Challengers Bangalore,6,0,0,-1.453,8,8,0,6,0,8,0,0,0
2019,Royal Challengers Bangalore,7,1,2,-1.202,8,8,1,6,1,8,0,0,0
2019,Royal Challengers Bangalore,8,1,2,-1.114,8,8,1,6,1,8,0,0,0
2019,Royal Challengers Bangalore,9,2,4,-0.938,8,8,1,6,2,7,0,0,0
2019,Royal Challengers Bangalore,10,3,6,-0.836,8,8,2,6,3,6,0,0,0
2019,Royal Challengers Bangalore,11,4,8,-0.683,8,8,3,6,3,7,0,0,0
2019,Royal Challengers Bangalore,12,4,8,-0.694,8,8,3,6,3,7,0,0,0
2019,Royal Challengers Bangalore,13,4,9,-0.694,8,8,3,6,3,7,0,0,0
2019,Royal Challengers Bangalore,14,5,11,-0.607,8,8,3,6,4,6,0,0,0
2019,Sunrisers Hyderabad,1,0,0,-0.255,5,5,0,1,0,5,1,0,0
2019,Sunrisers Hyderabad,2,1,2,0.19,4,4,1,1,1,2,1,0,0
2019,Sunrisers Hyderabad,3,2,4,2.111,2,1,2,1,2,2,1,0,0
2019,Sunrisers Hyderabad,4,3,6,1.78,1,1,3,1,2,3,1,0,0
2019,Sunrisers Hyderabad,5,3,6,1,3,2,3,1,2,4,1,0,0
2019,Sunrisers Hyderabad,6,3,6,0.81,5,1,3,2,2,5,1,0,0
2019,Sunrisers Hyderabad,7,3,6,0.409,6,2,3,3,2,5,1,0,0
2019,Sunrisers Hyderabad,8,4,8,0.549,4,1,3,3,3,5,1,0,0
2019,Sunrisers Hyderabad,9,5,10,0.737,3,1,3,3,4,5,1,0,0
2019,Sunrisers Hyderabad,10,5,10,0.654,4,1,3,3,4,5,1,0,0
2019,Sunrisers Hyderabad,11,5,10,0.559,4,1,3,3,4,5,1,0,0
2019,Sunrisers Hyderabad,12,6,12,0.709,4,1,3,3,4,6,1,0,0
2019,Sunrisers Hyderabad,13,6,12,0.653,4,1,3,3,4,6,1,0,0
2019,Sunrisers Hyderabad,14,6,12,0.577,4,1,3,3,4,6,1,0,0
2020,Chennai Super Kings,1,1,2,0.486,3,3,1,0,1,1,0,0,0
2020,Chennai Super Kings,2,1,2,-0.145,5,5,1,1,1,2,0,0,0
2020,Chennai Super Kings,3,1,2,-0.84,8,7,1,2,1,4,0,0,0
2020,Chennai Super Kings,4,1,2,-0.719,8,7,1,3,1,6,0,0,0
2020,Chennai Super Kings,5,2,4,-0.342,5,5,1,3,2,4,0,0,0
2020,Chennai Super Kings,6,2,4,-0.371,6,5,1,3,2,6,0,0,0
2020,Chennai Super Kings,7,2,4,-0.588,7,7,1,3,2,6,0,0,0
2020,Chennai Super Kings,8,3,6,-0.39,6,6,1,3,3,4,0,0,0
2020,Chennai Super Kings,9,3,6,-0.386,7,6,1,3,3,4,0,0,0
2020,Chennai Super Kings,10,3,6,-0.463,8,6,1,3,3,6,0,0,0
2020,Chennai Super Kings,11,3,6,-0.733,8,8,1,3,3,6,0,0,0
2020,Chennai Super Kings,12,4,8,-0.602,8,8,1,3,4,5,0,0,0
2020,Chennai Super Kings,13,5,10,-0.532,8,8,2,3,4,5,0,0,0
2020,Chennai Super Kings,14,6,12,-0.455,7,7,3,3,4,5,0,0,0
2020,Delhi Capitals,1,1,2,0,4,4,1,0,1,1,1,1,0
2020,Delhi Capitals,2,2,4,1.1,1,2,2,0,2,1,1,1,0
2020,Delhi Capitals,3,2,4,0.483,1,3,2,1,2,1,1,1,0
2020,Delhi Capitals,4,3,6,0.588,1,2,2,1,3,1,1,1,0
2020,Delhi Capitals,5,4,8,1.06,1,2,2,1,4,1,1,1,0
2020,Delhi Capitals,6,5,10,1.267,1,2,3,1,5,1,1,1,0
2020,Delhi Capitals,7,5,10,1.038,2,2,3,1,5,1,1,1,0
2020,Delhi Capitals,8,6,12,0.99,2,2,3,1,6,1,1,1,0
2020,Delhi Capitals,9,7,14,0.921,1,2,3,1,7,1,1,1,0
2020,Delhi Capitals,10,7,14,0.774,2,2,3,1,7,1,1,1,0
2020,Delhi Capitals,11,7,14,0.434,2,2,3,2,7,1,1,1,0
2020,Delhi Capitals,12,7,14,0.03,3,4,3,3,7,1,1,1,0
2020,Delhi Capitals,13,7,14,-0.159,3,5,3,4,7,1,1,1,0
2020,Delhi Capitals,14,8,16,-0.109,2,3,3,4,7,1,1,1,0
2020,Kolkata Knight Riders,1,0,0,-2.45,8,8,0,1,0,5,0,0,0
2020,Kolkata Knight Riders,2,1,2,-0.767,6,7,1,1,1,2,0,0,0
2020,Kolkata Knight Riders,3,2,4,0.117,2,4,2,1,2,1,0,0,0
2020,Kolkata Knight Riders,4,2,4,-0.121,5,5,2,1,2,2,0,0,0
2020,Kolkata Knight Riders,5,3,6,0.002,3,4,2,1,3,2,0,0,0
2020,Kolkata Knight Riders,6,4,8,0.017,3,4,2,1,4,2,0,0,0
2020,Kolkata Knight Riders,7,4,8,-0.577,4,6,2,1,4,3,0,0,0
2020,Kolkata Knight Riders,8,4,8,-0.684,4,7,2,2,4,3,0,0,0
2020,Kolkata Knight Riders,9,5,10,-0.607,4,7,2,2,5,2,0,0,0
2020,Kolkata Knight Riders,10,5,10,-0.828,4,8,2,2,5,2,0,0,0
2020,Kolkata Knight Riders,11,6,12,-0.476,4,6,2,2,6,2,0,0,0
2020,Kolkata Knight Riders,12,6,12,-0.479,5,6,2,2,6,2,0,0,0
2020,Kolkata Knight Riders,13,6,12,-0.467,7,7,2,2,6,2,0,0,0
2020,Kolkata Knight Riders,14,7,14,-0.214,5,6,2,2,7,1,0,0,0
2020,Mumbai Indians,1,0,0,-0.486,6,6,0,1,0,5,1,1,1
2020,Mumbai Indians,2,1,2,0.993,4,3,1,1,1,2,1,1,1
2020,Mumbai Indians,3,1,2,0.654,6,2,1,1,1,4,1,1,1
2020,Mumbai Indians,4,2,4,1.094,3,1,1,1,2,2,1,1,1
2020,Mumbai Indians,5,3,6,1.214,2,1,2,1,3,2,1,1,1
2020,Mumbai Indians,6,4,8,1.488,2,1,3,1,4,2,1,1,1
2020,Mumbai Indians,7,5,10,1.327,1,1,4,1,5,1,1,1,1
2020,Mumbai Indians,8,6,12,1.353,1,1,5,1,5,2,1,1,1
2020,Mumbai Indians,9,6,12,1.201,2,1,5,1,5,2,1,1,1
2020,Mumbai Indians,10,7,14,1.448,1,1,5,1,5,2,1,1,1
2020,Mumbai Indians,11,7,14,1.252,1,1,5,1,5,3,1,1,1
2020,Mumbai Indians,12,8,16,1.186,1,1,5,1,5,3,1,1,1
2020,Mumbai Indians,13,9,18,1.296,1,1,5,1,6,2,1,1,1
2020,Mumbai Indians,14,9,18,1.107,1,1,5,1,6,4,1,1,1
2020,Punjab Kings,1,0,0,0,5,5,0,1,0,5,0,0,0
2020,Punjab Kings,2,1,2,2.425,3,1,1,1,1,2,0,0,0
2020,Punjab Kings,3,1,2,1.498,5,1,1,1,1,4,0,0,0
2020,Punjab Kings,4,1,2,0.521,7,3,1,2,1,6,0,0,0
2020,Punjab Kings,5,1,2,0.178,8,3,1,3,1,7,0,0,0
2020,Punjab Kings,6,1,2,-0.431,8,6,1,4,1,7,0,0,0
2020,Punjab Kings,7,1,2,-0.381,8,5,1,5,1,8,0,0,0
2020,Punjab Kings,8,2,4,-0.295,8,5,1,5,1,8,0,0,0
2020,Punjab Kings,9,3,6,-0.262,6,5,2,5,1,8,0,0,0
2020,Punjab Kings,10,4,8,-0.177,6,5,3,5,1,8,0,0,0
2020,Punjab Kings,11,5,10,-0.103,5,5,4,5,2,8,0,0,0
2020,Punjab Kings,12,6,12,-0.049,4,5,5,5,3,8,0,0,0
2020,Punjab Kings,13,6,12,-0.133,5,3,5,5,3,8,0,0,0
2020,Punjab Kings,14,6,12,-0.162,6,4,5,5,3,8,0,0,0
2020,Rajasthan Royals,1,1,2,0.8,1,1,1,0,1,1,0,0,0
2020,Rajasthan Royals,2,2,4,0.615,2,4,2,0,1,2,0,0,0
2020,Rajasthan Royals,3,2,4,-0.219,3,5,2,1,1,4,0,0,0
2020,Rajasthan Royals,4,2,4,-0.317,6,6,2,2,1,6,0,0,0
2020,Rajasthan Royals,5,2,4,-0.826,7,7,2,3,1,7,0,0,0
2020,Rajasthan Royals,6,2,4,-1.073,7,8,2,4,1,7,0,0,0
2020,Rajasthan Royals,7,3,6,-0.872,6,8,2,4,2,6,0,0,0
2020,Rajasthan Royals,8,3,6,-0.844,7,8,2,4,2,7,0,0,0
2020,Rajasthan Royals,9,3,6,-0.778,8,8,2,4,2,7,0,0,0
2020,Rajasthan Royals,10,4,8,-0.591,7,7,2,4,3,6,0,0,0
2020,Rajasthan Royals,11,4,8,-0.62,7,7,2,4,3,6,0,0,0
2020,Rajasthan Royals,12,5,10,-0.505,7,7,2,4,4,5,0,0,0
2020,Rajasthan Royals,13,6,12,-0.377,6,6,2,4,4,5,0,0,0
2020,Rajasthan Royals,14,6,12,-0.569,8,8,2,4,4,5,0,0,0
2020,Royal Challengers Bangalore,1,1,2,0.5,2,2,1,0,1,1,1,0,0
2020,Royal Challengers Bangalore,2,1,2,-2.175,7,8,1,1,1,2,1,0,0
2020,Royal Challengers Bangalore,3,2,4,-1.45,4,8,1,1,2,1,1,0,0
2020,Royal Challengers Bangalore,4,3,6,-0.954,2,8,2,1,2,2,1,0,0
2020,Royal Challengers Bangalore,5,3,6,-1.355,4,8,2,1,2,4,1,0,0
2020,Royal Challengers Bangalore,6,4,8,-0.82,4,7,2,1,3,4,1,0,0
2020,Royal Challengers Bangalore,7,5,10,-0.116,3,4,2,1,3,4,1,0,0
2020,Royal Challengers Bangalore,8,5,10,-0.139,3,4,2,1,3,4,1,0,0
2020,Royal Challengers Bangalore,9,6,12,-0.096,3,4,2,1,3,4,1,0,0
2020,Royal Challengers Bangalore,10,7,14,0.182,3,3,2,1,4,4,1,0,0
2020,Royal Challengers Bangalore,11,7,14,0.092,3,3,2,1,4,4,1,0,0
2020,Royal Challengers Bangalore,12,7,14,0.048,2,3,2,2,4,5,1,0,0
2020,Royal Challengers Bangalore,13,7,14,-0.145,2,4,2,3,4,5,1,0,0
2020,Royal Challengers Bangalore,14,7,14,-0.172,4,5,2,4,4,5,1,0,0
2020,Sunrisers Hyderabad,1,0,0,-0.5,7,7,0,1,0,5,1,0,0
2020,Sunrisers Hyderabad,2,0,0,-0.73,8,6,0,2,0,8,1,0,0
2020,Sunrisers Hyderabad,3,1,2,-0.228,7,6,1,2,1,4,1,0,0
2020,Sunrisers Hyderabad,4,2,4,-0.084,4,4,2,2,2,2,1,0,0
2020,Sunrisers Hyderabad,5,2,4,-0.417,6,6,2,2,2,4,1,0,0
2020,Sunrisers Hyderabad,6,3,6,0.232,5,3,2,2,3,4,1,0,0
2020,Sunrisers Hyderabad,7,3,6,0.153,5,3,2,2,3,4,1,0,0
2020,Sunrisers Hyderabad,8,3,6,0.009,5,3,2,2,3,4,1,0,0
2020,Sunrisers Hyderabad,9,3,6,0.008,5,3,2,3,3,4,1,0,0
2020,Sunrisers Hyderabad,10,4,8,0.092,5,4,2,3,4,4,1,0,0
2020,Sunrisers Hyderabad,11,4,8,0.029,6,4,2,3,4,4,1,0,0
2020,Sunrisers Hyderabad,12,5,10,0.396,6,2,2,3,5,3,1,0,0
2020,Sunrisers Hyderabad,13,6,12,0.555,4,2,2,3,6,2,1,0,0
2020,Sunrisers Hyderabad,14,7,14,0.608,3,2,3,3,7,1,1,0,0
2021,Chennai Super Kings,1,0,0,-0.779,8,8,0,1,0,4,1,1,1
2021,Chennai Super Kings,2,1,2,0.616,2,1,1,1,1,2,1,1,1
2021,Chennai Super Kings,3,2,4,1.194,2,1,2,1,2,2,1,1,1
2021,Chennai Super Kings,4,3,6,1.142,2,1,3,1,3,2,1,1,1
2021,Chennai Super Kings,5,4,8,1.612,1,1,4,1,4,1,1,1,1
2021,Chennai Super Kings,6,5,10,1.475,1,1,5,1,5,1,1,1,1
2021,Chennai Super Kings,7,5,10,1.263,1,1,5,1,5,1,1,1,1
2021,Chennai Super Kings,8,6,12,1.223,1,1,5,1,5,1,1,1,1
2021,Chennai Super Kings,9,7,14,1.185,1,1,5,1,6,1,1,1,1
2021,Chennai Super Kings,10,8,16,1.069,1,1,5,1,6,1,1,1,1
2021,Chennai Super Kings,11,9,18,1.002,1,1,5,1,7,1,1,1,1
2021,Chennai Super Kings,12,9,18,0.829,1,1,5,1,7,1,1,1,1
2021,Chennai Super Kings,13,9,18,0.739,2,1,5,2,7,1,1,1,1
2021,Chennai Super Kings,14,9,18,0.455,2,3,5,3,7,1,1,1,1
2021,Delhi Capitals,1,1,2,0.779,1,1,1,0,1,1,1,1,0
2021,Delhi Capitals,2,1,2,0.195,4,3,1,1,1,2,1,1,0
2021,Delhi Capitals,3,2,4,0.453,3,3,1,1,1,4,1,1,0
2021,Delhi Capitals,4,3,6,0.426,3,3,2,1,2,3,1,1,0
2021,Delhi Capitals,5,4,8,0.334,2,2,3,1,3,3,1,1,0
2021,Delhi Capitals,6,4,8,0.269,3,2,3,1,3,3,1,1,0
2021,Delhi Capitals,7,5,10,0.466,2,2,3,1,3,3,1,1,0
2021,Delhi Capitals,8,6,12,0.547,2,2,3,1,3,4,1,1,0
2021,Delhi Capitals,9,7,14,0.613,2,2,3,1,4,2,1,1,0
2021,Delhi Capitals,10,8,16,0.711,2,2,4,1,5,2,1,1,0
2021,Delhi Capitals,11,8,16,0.562,2,2,4,1,5,2,1,1,0
2021,Delhi Capitals,12,9,18,0.551,2,2,4,1,6,2,1,1,0
2021,Delhi Capitals,13,10,20,0.526,1,2,4,1,6,2,1,1,0
2021,Delhi Capitals,14,10,20,0.481,1,2,4,1,6,2,1,1,0
2021,Kolkata Knight Riders,1,1,2,0.5,2,2,1,0,1,1,1,0,0
2021,Kolkata Knight Riders,2,1,2,0,6,6,1,1,1,2,1,0,0
2021,Kolkata Knight Riders,3,1,2,-0.633,5,6,1,2,1,4,1,0,0
2021,Kolkata Knight Riders,4,1,2,-0.7,6,6,1,3,1,5,1,0,0
2021,Kolkata Knight Riders,5,1,2,-0.675,8,7,1,4,1,6,1,0,0
2021,Kolkata Knight Riders,6,2,4,-0.305,5,6,1,4,2,5,1,0,0
2021,Kolkata Knight Riders,7,2,4,-0.494,7,7,1,4,2,6,1,0,0
2021,Kolkata Knight Riders,8,3,6,0.11,6,3,1,4,3,4,1,0,0
2021,Kolkata Knight Riders,9,4,8,0.363,4,3,2,4,4,2,1,0,0
2021,Kolkata Knight Riders,10,4,8,0.322,4,3,2,4,4,3,1,0,0
2021,Kolkata Knight Riders,11,5,10,0.363,4,3,2,4,4,4,1,0,0
2021,Kolkata Knight Riders,12,5,10,0.302,4,3,2,4,4,4,1,0,0
2021,Kolkata Knight Riders,13,6,12,0.294,4,3,2,4,5,3,1,0,0
2021,Kolkata Knight Riders,14,7,14,0.587,4,1,2,4,6,2,1,0,0
2021,Mumbai Indians,1,0,0,-0.05,5,5,0,1,0,4,0,0,0
2021,Mumbai Indians,2,1,2,0.225,3,2,1,1,1,2,0,0,0
2021,Mumbai Indians,3,2,4,0.367,4,4,2,1,2,2,0,0,0
2021,Mumbai Indians,4,2,4,0.187,4,4,2,1,2,3,0,0,0
2021,Mumbai Indians,5,2,4,-0.032,4,4,2,2,2,4,0,0,0
2021,Mumbai Indians,6,3,6,0.071,4,4,2,2,3,3,0,0,0
2021,Mumbai Indians,7,4,8,0.062,4,3,2,2,3,3,0,0,0
2021,Mumbai Indians,8,4,8,-0.071,4,4,2,2,3,4,0,0,0
2021,Mumbai Indians,9,4,8,-0.31,5,4,2,2,3,6,0,0,0
2021,Mumbai Indians,10,4,8,-0.551,7,8,2,3,3,6,0,0,0
2021,Mumbai Indians,11,5,10,-0.453,5,6,2,3,3,6,0,0,0
2021,Mumbai Indians,12,5,10,-0.453,7,7,2,3,3,6,0,0,0
2021,Mumbai Indians,13,6,12,-0.048,5,4,2,3,4,5,0,0,0
2021,Mumbai Indians,14,7,14,0.116,5,4,2,3,5,5,0,0,0
2021,Punjab Kings,1,1,2,0.2,3,3,1,0,0,4,0,0,0
2021,Punjab Kings,2,1,2,-0.909,7,8,1,1,0,7,0,0,0
2021,Punjab Kings,3,1,2,-0.967,7,8,1,2,0,7,0,0,0
2021,Punjab Kings,4,1,2,-0.824,7,7,1,3,0,8,0,0,0
2021,Punjab Kings,5,2,4,-0.428,5,6,1,3,1,6,0,0,0
2021,Punjab Kings,6,2,4,-0.608,6,7,1,3,1,7,0,0,0
2021,Punjab Kings,7,3,6,-0.264,6,6,1,3,2,6,0,0,0
2021,Punjab Kings,8,3,6,-0.368,7,6,1,3,2,7,0,0,0
2021,Punjab Kings,9,3,6,-0.345,7,6,1,3,2,7,0,0,0
2021,Punjab Kings,10,4,8,-0.271,5,4,1,3,2,7,0,0,0
2021,Punjab Kings,11,4,8,-0.288,6,5,1,3,2,7,0,0,0
2021,Punjab Kings,12,5,10,-0.236,5,5,1,3,2,7,0,0,0
2021,Punjab Kings,13,5,10,-0.241,6,6,1,3,2,8,0,0,0
2021,Punjab Kings,14,6,12,-0.001,6,5,1,3,2,8,0,0,0
2021,Rajasthan Royals,1,0,0,-0.2,6,6,0,1,0,4,0,0,0
2021,Rajasthan Royals,2,1,2,0.052,5,5,1,1,1,2,0,0,0
2021,Rajasthan Royals,3,1,2,-0.719,6,7,1,1,1,4,0,0,0
2021,Rajasthan Royals,4,1,2,-1.011,8,8,1,2,1,5,0,0,0
2021,Rajasthan Royals,5,2,4,-0.681,6,8,1,2,2,4,0,0,0
2021,Rajasthan Royals,6,2,4,-0.69,7,8,1,2,2,5,0,0,0
2021,Rajasthan Royals,7,3,6,-0.19,5,5,1,2,3,3,0,0,0
2021,Rajasthan Royals,8,4,8,-0.154,5,5,2,2,4,2,0,0,0
2021,Rajasthan Royals,9,4,8,-0.319,6,5,2,2,4,2,0,0,0
2021,Rajasthan Royals,10,4,8,-0.369,6,6,2,2,4,3,0,0,0
2021,Rajasthan Royals,11,4,8,-0.468,7,7,2,3,4,4,0,0,0
2021,Rajasthan Royals,12,5,10,-0.337,6,6,2,3,4,4,0,0,0
2021,Rajasthan Royals,13,5,10,-0.737,7,8,2,3,4,5,0,0,0
2021,Rajasthan Royals,14,5,10,-0.993,7,8,2,3,4,6,0,0,0
2021,Royal Challengers Bangalore,1,1,2,0.05,4,4,1,0,1,1,1,0,0
2021,Royal Challengers Bangalore,2,2,4,0.175,1,4,2,0,2,1,1,0,0
2021,Royal Challengers Bangalore,3,3,6,0.75,1,2,3,0,3,1,1,0,0
2021,Royal Challengers Bangalore,4,4,8,1.009,1,2,4,0,4,1,1,0,0
2021,Royal Challengers Bangalore,5,4,8,0.096,3,3,4,1,4,1,1,0,0
2021,Royal Challengers Bangalore,6,5,10,0.089,2,3,4,1,4,2,1,0,0
2021,Royal Challengers Bangalore,7,5,10,-0.171,3,4,4,1,4,2,1,0,0
2021,Royal Challengers Bangalore,8,5,10,-0.706,3,8,4,2,4,2,1,0,0
2021,Royal Challengers Bangalore,9,5,10,-0.72,3,8,4,3,4,2,1,0,0
2021,Royal Challengers Bangalore,10,6,12,-0.359,3,5,4,3,4,3,1,0,0
2021,Royal Challengers Bangalore,11,7,14,-0.2,3,4,4,3,5,2,1,0,0
2021,Royal Challengers Bangalore,12,8,16,-0.157,3,4,4,3,5,3,1,0,0
2021,Royal Challengers Bangalore,13,8,16,-0.159,3,5,4,3,5,3,1,0,0
2021,Royal Challengers Bangalore,14,9,18,-0.14,3,6,4,3,6,2,1,0,0
2021,Sunrisers Hyderabad,1,0,0,-0.5,7,7,0,1,0,4,0,0,0
2021,Sunrisers Hyderabad,2,0,0,-0.4,8,7,0,2,0,7,0,0,0
2021,Sunrisers Hyderabad,3,0,0,-0.483,8,5,0,3,0,7,0,0,0
2021,Sunrisers Hyderabad,4,1,2,-0.228,5,5,1,3,1,5,0,0,0
2021,Sunrisers Hyderabad,5,1,2,-0.18,7,5,1,3,1,6,0,0,0
2021,Sunrisers Hyderabad,6,1,2,-0.264,8,5,1,3,1,7,0,0,0
2021,Sunrisers Hyderabad,7,1,2,-0.623,8,8,1,3,1,8,0,0,0
2021,Sunrisers Hyderabad,8,1,2,-0.689,8,7,1,4,1,8,0,0,0
2021,Sunrisers Hyderabad,9,1,2,-0.637,8,7,1,5,1,8,0,0,0
2021,Sunrisers Hyderabad,10,2,4,-0.501,8,7,1,5,2,7,0,0,0
2021,Sunrisers Hyderabad,11,2,4,-0.49,8,8,1,5,2,7,0,0,0
2021,Sunrisers Hyderabad,12,2,4,-0.475,8,8,1,5,2,7,0,0,0
2021,Sunrisers Hyderabad,13,3,6,-0.422,8,7,1,5,3,7,0,0,0
2021,Sunrisers Hyderabad,14,3,6,-0.545,8,7,1,5,3,7,0,0,0
2022,Chennai Super Kings,1,0,0,-0.639,7,7,0,1,0,6,0,0,
2022,Chennai Super Kings,2,0,0,-0.528,8,7,0,2,0,8,0,0,
2022,Chennai Super Kings,3,0,0,-1.251,9,9,0,3,0,9,0,0,
2022,Chennai Super Kings,4,0,0,-1.211,10,10,0,4,0,9,0,0,
2022,Chennai Super Kings,5,1,2,-0.745,9,9,1,4,1,8,0,0,
2022,Chennai Super Kings,6,1,2,-0.638,9,9,1,4,1,8,0,0,
2022,Chennai Super Kings,7,2,4,-0.534,9,8,1,4,2,7,0,0,
2022,Chennai Super Kings,8,2,4,-0.538,9,9,1,4,2,7,0,0,
2022,Chennai Super Kings,9,3,6,-0.407,9,7,1,4,3,7,0,0,
2022,Chennai Super Kings,10,3,6,-0.431,9,8,1,4,3,7,0,0,
2022,Chennai Super Kings,11,4,8,0.028,8,5,1,4,4,7,0,0,
2022,Chennai Super Kings,12,4,8,-0.181,9,8,1,4,4,7,0,0,
2022,Chennai Super Kings,13,4,8,-0.206,9,7,1,4,4,7,0,0,
2022,Chennai Super Kings,14,4,8,-0.203,9,7,1,4,4,7,0,0,
2022,Delhi Capitals,1,1,2,0.914,2,2,1,0,1,1,0,0,
2022,Delhi Capitals,2,1,2,0.065,4,4,1,1,1,3,0,0,
2022,Delhi Capitals,3,1,2,-0.116,7,7,1,2,1,6,0,0,
2022,Delhi Capitals,4,2,4,0.476,6,3,1,2,1,8,0,0,
2022,Delhi Capitals,5,2,4,0.219,8,5,1,2,1,8,0,0,
2022,Delhi Capitals,6,3,6,0.942,6,1,1,2,1,8,0,0,
2022,Delhi Capitals,7,3,6,0.715,6,1,1,2,1,9,0,0,
2022,Delhi Capitals,8,4,8,0.695,6,1,1,2,1,9,0,0,
2022,Delhi Capitals,9,4,8,0.587,6,1,1,2,1,9,0,0,
2022,Delhi Capitals,10,5,10,0.641,4,1,1,2,2,9,0,0,
2022,Delhi Capitals,11,5,10,0.15,5,3,1,2,2,9,0,0,
2022,Delhi Capitals,12,6,12,0.21,5,4,1,2,3,8,0,0,
2022,Delhi Capitals,13,7,14,0.255,4,4,2,2,4,7,0,0,
2022,Delhi Capitals,14,7,14,0.204,5,4,2,2,4,7,0,0,
2022,Gujarat Titans,1,1,2,0.286,5,5,1,0,1,1,1,1,
2022,Gujarat Titans,2,2,4,0.495,2,2,2,0,2,1,1,1,
2022,Gujarat Titans,3,3,6,0.349,1,3,3,0,3,1,1,1,
2022,Gujarat Titans,4,3,6,0.097,5,7,3,1,3,1,1,1,
2022,Gujarat Titans,5,4,8,0.45,1,1,3,1,4,1,1,1,
2022,Gujarat Titans,6,5,10,0.395,1,2,3,1,5,1,1,1,
2022,Gujarat Titans,7,6,12,0.396,1,4,3,1,6,1,1,1,
2022,Gujarat Titans,8,7,14,0.371,1,4,4,1,6,1,1,1,
2022,Gujarat Titans,9,8,16,0.377,1,5,5,1,7,1,1,1,
2022,Gujarat Titans,10,8,16,0.158,1,5,5,1,7,1,1,1,
2022,Gujarat Titans,11,8,16,0.12,2,4,5,2,7,1,1,1,
2022,Gujarat Titans,12,9,18,0.376,1,2,5,2,7,1,1,1,
2022,Gujarat Titans,13,10,20,0.391,1,1,5,2,8,1,1,1,
2022,Gujarat Titans,14,10,20,0.316,1,1,5,2,8,1,1,1,
2022,Kolkata Knight Riders,1,1,2,0.639,4,4,1,0,1,1,0,0,
2022,Kolkata Knight Riders,2,1,2,0.093,3,3,1,1,1,3,0,0,
2022,Kolkata Knight Riders,3,2,4,0.843,3,2,1,1,1,6,0,0,
2022,Kolkata Knight Riders,4,3,6,1.102,1,1,2,1,2,5,0,0,
2022,Kolkata Knight Riders,5,3,6,0.446,2,2,2,1,2,7,0,0,
2022,Kolkata Knight Riders,6,3,6,0.223,7,5,2,2,2,7,0,0,
2022,Kolkata Knight Riders,7,3,6,0.16,7,6,2,3,2,7,0,0,
2022,Kolkata Knight Riders,8,3,6,0.08,8,6,2,4,2,7,0,0,
2022,Kolkata Knight Riders,9,3,6,-0.006,8,6,2,5,2,8,0,0,
2022,Kolkata Knight Riders,10,4,8,0.06,8,6,2,5,3,7,0,0,
2022,Kolkata Knight Riders,11,4,8,-0.304,9,8,2,5,3,8,0,0,
2022,Kolkata Knight Riders,12,5,10,-0.057,7,6,2,5,3,8,0,0,
2022,Kolkata Knight Riders,13,6,12,0.16,6,5,2,5,4,7,0,0,
2022,Kolkata Knight Riders,14,6,12,0.146,7,5,2,5,4,7,0,0,
2022,Lucknow Super Giants,1,0,0,-0.286,6,6,0,1,0,6,1,0,
2022,Lucknow Super Giants,2,1,2,-0.011,5,5,1,1,1,3,1,0,
2022,Lucknow Super Giants,3,2,4,0.193,5,5,2,1,2,2,1,0,
2022,Lucknow Super Giants,4,3,6,0.256,4,5,3,1,3,1,1,0,
2022,Lucknow Super Giants,5,3,6,0.174,5,6,3,1,3,2,1,0,
2022,Lucknow Super Giants,6,4,8,0.296,3,4,3,1,4,2,1,0,
2022,Lucknow Super Giants,7,4,8,0.124,5,7,3,1,4,3,1,0,
2022,Lucknow Super Giants,8,5,10,0.334,4,5,3,1,4,3,1,0,
2022,Lucknow Super Giants,9,6,12,0.408,3,4,3,1,5,2,1,0,
2022,Lucknow Super Giants,10,7,14,0.397,2,2,3,1,6,2,1,0,
2022,Lucknow Super Giants,11,8,16,0.703,1,1,4,1,6,2,1,0,
2022,Lucknow Super Giants,12,8,16,0.385,2,1,4,1,6,2,1,0,
2022,Lucknow Super Giants,13,8,16,0.262,3,3,4,2,6,2,1,0,
2022,Lucknow Super Giants,14,9,18,0.251,3,3,4,2,6,4,1,0,
2022,Mumbai Indians,1,0,0,-0.914,9,9,0,1,0,6,0,0,
2022,Mumbai Indians,2,0,0,-1.029,9,8,0,2,0,8,0,0,
2022,Mumbai Indians,3,0,0,-1.362,10,10,0,3,0,9,0,0,
2022,Mumbai Indians,4,0,0,-1.181,9,9,0,4,0,9,0,0,
2022,Mumbai Indians,5,0,0,-1.072,10,10,0,5,0,10,0,0,
2022,Mumbai Indians,6,0,0,-1.048,10,10,0,6,0,10,0,0,
2022,Mumbai Indians,7,0,0,-0.892,10,10,0,7,0,10,0,0,
2022,Mumbai Indians,8,0,0,-1,10,10,0,8,0,10,0,0,
2022,Mumbai Indians,9,1,2,-0.836,10,10,1,8,1,9,0,0,
2022,Mumbai Indians,10,2,4,-0.725,10,10,2,8,2,9,0,0,
2022,Mumbai Indians,11,2,4,-0.894,10,10,2,8,2,9,0,0,
2022,Mumbai Indians,12,3,6,-0.613,10,10,2,8,3,8,0,0,
2022,Mumbai Indians,13,3,6,-0.577,10,10,2,8,3,10,0,0,
2022,Mumbai Indians,14,4,8,-0.506,10,10,2,8,4,7,0,0,
2022,Punjab Kings,1,1,2,0.697,3,3,1,0,1,1,0,0,
2022,Punjab Kings,2,1,2,-1.183,7,9,1,1,1,3,0,0,
2022,Punjab Kings,3,2,4,0.238,4,4,1,1,2,2,0,0,
2022,Punjab Kings,4,2,4,0.152,7,6,1,1,2,5,0,0,
2022,Punjab Kings,5,3,6,0.239,4,4,1,1,3,2,0,0,
2022,Punjab Kings,6,3,6,0.109,8,7,1,1,3,4,0,0,
2022,Punjab Kings,7,3,6,-0.562,8,9,1,2,3,5,0,0,
2022,Punjab Kings,8,4,8,-0.419,7,7,1,2,4,3,0,0,
2022,Punjab Kings,9,4,8,-0.47,7,8,1,2,4,4,0,0,
2022,Punjab Kings,10,5,10,-0.229,6,7,1,2,5,3,0,0,
2022,Punjab Kings,11,5,10,-0.231,7,7,1,2,5,3,0,0,
2022,Punjab Kings,12,6,12,0.023,6,5,1,2,6,2,0,0,
2022,Punjab Kings,13,6,12,-0.043,7,6,1,2,6,2,0,0,
2022,Punjab Kings,14,7,14,0.126,6,6,1,2,7,2,0,0,
2022,Rajasthan Royals,1,1,2,3.05,1,1,1,0,1,1,1,1,
2022,Rajasthan Royals,2,2,4,2.1,1,1,2,0,2,1,1,1,
2022,Rajasthan Royals,3,2,4,1.218,2,1,2,1,2,2,1,1,
2022,Rajasthan Royals,4,3,6,0.951,2,2,2,1,3,1,1,1,
2022,Rajasthan Royals,5,3,6,0.389,3,3,2,1,3,2,1,1,
2022,Rajasthan Royals,6,4,8,0.38,2,3,2,1,3,4,1,1,
2022,Rajasthan Royals,7,5,10,0.432,3,3,2,1,3,5,1,1,
2022,Rajasthan Royals,8,6,12,0.561,2,3,3,1,4,3,1,1,
2022,Rajasthan Royals,9,6,12,0.45,2,3,3,1,4,4,1,1,
2022,Rajasthan Royals,10,6,12,0.34,3,3,3,2,4,5,1,1,
2022,Rajasthan Royals,11,7,14,0.326,3,2,3,2,5,3,1,1,
2022,Rajasthan Royals,12,7,14,0.228,3,3,3,2,5,4,1,1,
2022,Rajasthan Royals,13,8,16,0.304,2,2,3,2,6,2,1,1,
2022,Rajasthan Royals,14,9,18,0.298,2,2,3,2,7,2,1,1,
2022,Royal Challengers Bangalore,1,0,0,-0.697,8,8,0,1,0,6,1,0,
2022,Royal Challengers Bangalore,2,1,2,-0.048,6,6,1,1,1,3,1,0,
2022,Royal Challengers Bangalore,3,2,4,0.159,6,6,2,1,2,2,1,0,
2022,Royal Challengers Bangalore,4,3,6,0.294,3,4,3,1,3,1,1,0,
2022,Royal Challengers Bangalore,5,3,6,0.006,6,7,3,1,3,2,1,0,
2022,Royal Challengers Bangalore,6,4,8,0.142,4,6,3,1,3,4,1,0,
2022,Royal Challengers Bangalore,7,5,10,0.251,4,5,3,1,4,3,1,0,
2022,Royal Challengers Bangalore,8,5,10,-0.472,5,8,3,1,4,3,1,0,
2022,Royal Challengers Bangalore,9,5,10,-0.572,5,9,3,2,4,4,1,0,
2022,Royal Challengers Bangalore,10,5,10,-0.558,7,9,3,3,4,5,1,0,
2022,Royal Challengers Bangalore,11,6,12,-0.444,4,9,3,3,5,3,1,0,
2022,Royal Challengers Bangalore,12,7,14,-0.115,4,7,3,3,5,4,1,0,
2022,Royal Challengers Bangalore,13,7,14,-0.323,5,9,3,3,5,5,1,0,
2022,Royal Challengers Bangalore,14,8,16,-0.253,4,8,3,3,6,4,1,0,
2022,Sunrisers Hyderabad,1,0,0,-3.05,10,10,0,1,0,6,0,0,
2022,Sunrisers Hyderabad,2,0,0,-1.825,10,10,0,2,0,8,0,0,
2022,Sunrisers Hyderabad,3,1,2,-0.889,8,8,1,2,1,6,0,0,
2022,Sunrisers Hyderabad,4,2,4,-0.501,8,8,2,2,2,5,0,0,
2022,Sunrisers Hyderabad,5,3,6,-0.196,7,8,3,2,3,2,0,0,
2022,Sunrisers Hyderabad,6,4,8,-0.077,5,8,4,2,4,2,0,0,
2022,Sunrisers Hyderabad,7,5,10,0.691,2,2,5,2,5,2,0,0,
2022,Sunrisers Hyderabad,8,5,10,0.6,3,2,5,2,5,2,0,0,
2022,Sunrisers Hyderabad,9,5,10,0.471,4,2,5,2,5,2,0,0,
2022,Sunrisers Hyderabad,10,5,10,0.325,5,4,5,3,5,3,0,0,
2022,Sunrisers Hyderabad,11,5,10,-0.031,6,6,5,4,5,3,0,0,
2022,Sunrisers Hyderabad,12,5,10,-0.27,8,9,5,5,5,4,0,0,
2022,Sunrisers Hyderabad,13,6,12,-0.23,8,8,5,5,5,5,0,0,
2022,Sunrisers Hyderabad,14,6,12,-0.379,8,9,5,5,5,6,0,0,
